UserID, Technique, M_FACTOR, M_FACTOR_applied, PATH_LENGTH, PATH_ID, FLAG1, FLAG2, FLAG3, FLAG4, FLAG5, RANDOM_F_OFFSET, _CUR_FLAG ,_TIME,  _R_HEAD_X, _R_HEAD_Y, _R_HEAD_Z, _V_HEAD_X, _V_HEAD_Y, _V_HEAD_Z, _CUR_M_FACTOR, _CUR_DEVIATION
4,NAVIFIELD,M_8,0,2,Path_NP1_2_B,0,1,5, -1, -1,5,0,0.009,0.499,1.606,-0.367,6.689,1.606,-3.828,1.000,0.003
4,NAVIFIELD,M_8,0,2,Path_NP1_2_B,0,1,5, -1, -1,5,0,0.017,0.501,1.606,-0.370,6.691,1.606,-3.830,1.000,0.007
4,NAVIFIELD,M_8,0,2,Path_NP1_2_B,0,1,5, -1, -1,5,0,0.025,0.503,1.605,-0.372,6.693,1.605,-3.833,1.000,0.010
4,NAVIFIELD,M_8,0,2,Path_NP1_2_B,0,1,5, -1, -1,5,0,0.034,0.505,1.605,-0.374,6.695,1.605,-3.835,1.000,0.013
4,NAVIFIELD,M_8,0,2,Path_NP1_2_B,0,1,5, -1, -1,5,0,0.042,0.507,1.605,-0.376,6.697,1.605,-3.837,1.000,0.016
4,NAVIFIELD,M_8,0,2,Path_NP1_2_B,0,1,5, -1, -1,5,0,0.051,0.509,1.604,-0.378,6.700,1.604,-3.839,1.000,0.018
4,NAVIFIELD,M_8,0,2,Path_NP1_2_B,0,1,5, -1, -1,5,0,0.059,0.511,1.604,-0.380,6.702,1.604,-3.840,1.000,0.021
4,NAVIFIELD,M_8,0,2,Path_NP1_2_B,0,1,5, -1, -1,5,0,0.067,0.514,1.604,-0.381,6.704,1.604,-3.842,1.000,0.024
4,NAVIFIELD,M_8,0,2,Path_NP1_2_B,0,1,5, -1, -1,5,0,0.076,0.516,1.604,-0.383,6.707,1.604,-3.843,1.000,0.026
4,NAVIFIELD,M_8,0,2,Path_NP1_2_B,0,1,5, -1, -1,5,0,0.088,0.518,1.603,-0.384,6.709,1.603,-3.844,1.000,0.028
4,NAVIFIELD,M_8,0,2,Path_NP1_2_B,0,1,5, -1, -1,5,0,0.093,0.521,1.603,-0.385,6.711,1.603,-3.845,1.000,0.030
4,NAVIFIELD,M_8,0,2,Path_NP1_2_B,0,1,5, -1, -1,5,0,0.101,0.523,1.603,-0.385,6.713,1.603,-3.845,1.000,0.031
4,NAVIFIELD,M_8,0,2,Path_NP1_2_B,0,1,5, -1, -1,5,0,0.110,0.525,1.603,-0.385,6.715,1.603,-3.846,1.000,0.033
4,NAVIFIELD,M_8,0,2,Path_NP1_2_B,0,1,5, -1, -1,5,0,0.117,0.527,1.603,-0.385,6.717,1.603,-3.845,1.000,0.033
4,NAVIFIELD,M_8,0,2,Path_NP1_2_B,0,1,5, -1, -1,5,0,0.126,0.529,1.603,-0.384,6.719,1.603,-3.844,1.000,0.033
4,NAVIFIELD,M_8,0,2,Path_NP1_2_B,0,1,5, -1, -1,5,0,0.134,0.531,1.602,-0.385,6.721,1.602,-3.845,1.000,0.035
4,NAVIFIELD,M_8,0,2,Path_NP1_2_B,0,1,5, -1, -1,5,0,0.143,0.533,1.602,-0.385,6.724,1.602,-3.846,1.000,0.037
4,NAVIFIELD,M_8,0,2,Path_NP1_2_B,0,1,5, -1, -1,5,0,0.151,0.535,1.602,-0.385,6.726,1.602,-3.846,1.000,0.038
4,NAVIFIELD,M_8,0,2,Path_NP1_2_B,0,1,5, -1, -1,5,0,0.159,0.537,1.602,-0.386,6.728,1.602,-3.846,1.000,0.040
4,NAVIFIELD,M_8,0,2,Path_NP1_2_B,0,1,5, -1, -1,5,0,0.168,0.540,1.602,-0.386,6.730,1.602,-3.846,1.000,0.041
4,NAVIFIELD,M_8,0,2,Path_NP1_2_B,0,1,5, -1, -1,5,0,0.176,0.542,1.602,-0.386,6.732,1.602,-3.846,1.000,0.042
4,NAVIFIELD,M_8,0,2,Path_NP1_2_B,0,1,5, -1, -1,5,0,0.184,0.544,1.602,-0.386,6.734,1.602,-3.846,1.000,0.043
4,NAVIFIELD,M_8,0,2,Path_NP1_2_B,0,1,5, -1, -1,5,0,0.193,0.546,1.602,-0.386,6.737,1.602,-3.846,1.000,0.044
4,NAVIFIELD,M_8,0,2,Path_NP1_2_B,0,1,5, -1, -1,5,0,0.201,0.548,1.602,-0.386,6.739,1.602,-3.846,1.000,0.045
4,NAVIFIELD,M_8,0,2,Path_NP1_2_B,0,1,5, -1, -1,5,0,0.209,0.550,1.602,-0.386,6.741,1.602,-3.846,1.000,0.047
4,NAVIFIELD,M_8,0,2,Path_NP1_2_B,0,1,5, -1, -1,5,0,0.218,0.552,1.601,-0.386,6.743,1.601,-3.846,1.000,0.048
4,NAVIFIELD,M_8,0,2,Path_NP1_2_B,0,1,5, -1, -1,5,0,0.226,0.555,1.601,-0.386,6.745,1.601,-3.846,1.000,0.049
4,NAVIFIELD,M_8,0,2,Path_NP1_2_B,0,1,5, -1, -1,5,0,0.234,0.557,1.601,-0.386,6.747,1.601,-3.846,1.000,0.050
4,NAVIFIELD,M_8,0,2,Path_NP1_2_B,0,1,5, -1, -1,5,0,0.243,0.559,1.601,-0.386,6.749,1.601,-3.846,1.000,0.051
4,NAVIFIELD,M_8,0,2,Path_NP1_2_B,0,1,5, -1, -1,5,0,0.251,0.561,1.601,-0.386,6.752,1.601,-3.846,1.000,0.052
4,NAVIFIELD,M_8,0,2,Path_NP1_2_B,0,1,5, -1, -1,5,0,0.259,0.563,1.601,-0.386,6.754,1.601,-3.846,1.000,0.053
4,NAVIFIELD,M_8,0,2,Path_NP1_2_B,0,1,5, -1, -1,5,0,0.268,0.565,1.601,-0.386,6.756,1.601,-3.846,1.000,0.054
4,NAVIFIELD,M_8,0,2,Path_NP1_2_B,0,1,5, -1, -1,5,0,0.276,0.566,1.603,-0.372,6.757,1.603,-3.832,1.000,0.043
4,NAVIFIELD,M_8,0,2,Path_NP1_2_B,0,1,5, -1, -1,5,0,0.285,0.557,1.606,-0.321,6.748,1.606,-3.781,1.000,0.005
4,NAVIFIELD,M_8,0,2,Path_NP1_2_B,0,1,5, -1, -1,5,0,0.293,0.551,1.606,-0.302,6.741,1.606,-3.762,1.022,0.025
4,NAVIFIELD,M_8,0,2,Path_NP1_2_B,0,1,5, -1, -1,5,0,0.302,0.547,1.606,-0.291,6.736,1.606,-3.749,1.149,0.038
4,NAVIFIELD,M_8,0,2,Path_NP1_2_B,0,1,5, -1, -1,5,0,0.310,0.546,1.607,-0.285,6.735,1.607,-3.742,1.226,0.045
4,NAVIFIELD,M_8,0,2,Path_NP1_2_B,0,1,5, -1, -1,5,0,0.318,0.543,1.607,-0.278,6.732,1.607,-3.732,1.315,0.055
4,NAVIFIELD,M_8,0,2,Path_NP1_2_B,0,1,5, -1, -1,5,0,0.327,0.540,1.608,-0.271,6.727,1.608,-3.723,1.416,0.065
4,NAVIFIELD,M_8,0,2,Path_NP1_2_B,0,1,5, -1, -1,5,0,0.335,0.537,1.609,-0.264,6.723,1.609,-3.713,1.520,0.076
4,NAVIFIELD,M_8,0,2,Path_NP1_2_B,0,1,5, -1, -1,5,0,0.343,0.534,1.609,-0.257,6.718,1.609,-3.702,1.638,0.088
4,NAVIFIELD,M_8,0,2,Path_NP1_2_B,0,1,5, -1, -1,5,0,0.352,0.530,1.610,-0.251,6.711,1.610,-3.690,1.770,0.102
4,NAVIFIELD,M_8,0,2,Path_NP1_2_B,0,1,5, -1, -1,5,0,0.360,0.526,1.611,-0.244,6.703,1.611,-3.676,1.918,0.118
4,NAVIFIELD,M_8,0,2,Path_NP1_2_B,0,1,5, -1, -1,5,0,0.369,0.522,1.612,-0.237,6.695,1.612,-3.663,2.077,0.133
4,NAVIFIELD,M_8,0,2,Path_NP1_2_B,0,1,5, -1, -1,5,0,0.377,0.518,1.613,-0.231,6.685,1.613,-3.648,2.247,0.151
4,NAVIFIELD,M_8,0,2,Path_NP1_2_B,0,1,5, -1, -1,5,0,0.389,0.513,1.615,-0.224,6.673,1.615,-3.633,2.436,0.171
4,NAVIFIELD,M_8,0,2,Path_NP1_2_B,0,1,5, -1, -1,5,0,0.394,0.508,1.616,-0.218,6.661,1.616,-3.617,2.640,0.191
4,NAVIFIELD,M_8,0,2,Path_NP1_2_B,0,1,5, -1, -1,5,0,0.402,0.502,1.617,-0.212,6.645,1.617,-3.599,2.860,0.214
4,NAVIFIELD,M_8,0,2,Path_NP1_2_B,0,1,5, -1, -1,5,0,0.410,0.497,1.618,-0.206,6.627,1.618,-3.580,3.107,0.239
4,NAVIFIELD,M_8,0,2,Path_NP1_2_B,0,1,5, -1, -1,5,0,0.419,0.491,1.620,-0.200,6.606,1.620,-3.560,3.380,0.268
4,NAVIFIELD,M_8,0,2,Path_NP1_2_B,0,1,5, -1, -1,5,0,0.427,0.485,1.622,-0.194,6.586,1.622,-3.538,3.683,0.297
4,NAVIFIELD,M_8,0,2,Path_NP1_2_B,0,1,5, -1, -1,5,0,0.441,0.478,1.623,-0.188,6.558,1.623,-3.514,4.006,0.331
4,NAVIFIELD,M_8,0,2,Path_NP1_2_B,0,1,5, -1, -1,5,0,0.445,0.470,1.625,-0.183,6.525,1.625,-3.492,4.377,0.368
4,NAVIFIELD,M_8,0,2,Path_NP1_2_B,0,1,5, -1, -1,5,0,0.451,0.463,1.626,-0.178,6.491,1.626,-3.469,4.778,0.406
4,NAVIFIELD,M_8,0,2,Path_NP1_2_B,0,1,5, -1, -1,5,0,0.460,0.456,1.628,-0.174,6.454,1.628,-3.445,5.192,0.446
4,NAVIFIELD,M_8,0,2,Path_NP1_2_B,0,1,5, -1, -1,5,0,0.468,0.449,1.629,-0.169,6.415,1.629,-3.420,5.636,0.488
4,NAVIFIELD,M_8,0,2,Path_NP1_2_B,0,1,5, -1, -1,5,0,0.477,0.442,1.630,-0.165,6.369,1.630,-3.396,6.110,0.532
4,NAVIFIELD,M_8,0,2,Path_NP1_2_B,0,1,5, -1, -1,5,0,0.486,0.435,1.631,-0.162,6.321,1.631,-3.371,6.617,0.579
4,NAVIFIELD,M_8,0,2,Path_NP1_2_B,0,1,5, -1, -1,5,0,0.494,0.427,1.633,-0.158,6.268,1.633,-3.348,7.155,0.626
4,NAVIFIELD,M_8,0,2,Path_NP1_2_B,0,1,5, -1, -1,5,0,0.502,0.420,1.634,-0.155,6.211,1.634,-3.323,7.723,0.677
4,NAVIFIELD,M_8,0,2,Path_NP1_2_B,0,1,5, -1, -1,5,0,0.510,0.412,1.635,-0.152,6.149,1.635,-3.301,8.334,0.729
4,NAVIFIELD,M_8,0,2,Path_NP1_2_B,0,1,5, -1, -1,5,0,0.519,0.405,1.635,-0.150,6.085,1.635,-3.277,8.976,0.784
4,NAVIFIELD,M_8,0,2,Path_NP1_2_B,0,1,5, -1, -1,5,0,0.527,0.398,1.636,-0.148,6.018,1.636,-3.255,9.652,0.838
4,NAVIFIELD,M_8,0,2,Path_NP1_2_B,0,1,5, -1, -1,5,0,0.539,0.392,1.637,-0.145,5.949,1.637,-3.234,10.342,0.892
4,NAVIFIELD,M_8,0,2,Path_NP1_2_B,0,1,5, -1, -1,5,0,0.544,0.385,1.637,-0.143,5.878,1.637,-3.209,11.050,0.951
4,NAVIFIELD,M_8,0,2,Path_NP1_2_B,0,1,5, -1, -1,5,0,0.552,0.379,1.638,-0.141,5.806,1.638,-3.188,11.805,1.007
4,NAVIFIELD,M_8,0,2,Path_NP1_2_B,0,1,5, -1, -1,5,0,0.560,0.373,1.638,-0.139,5.730,1.638,-3.161,12.552,1.070
4,NAVIFIELD,M_8,0,2,Path_NP1_2_B,0,1,5, -1, -1,5,0,0.569,0.367,1.638,-0.137,5.655,1.638,-3.135,13.365,1.132
4,NAVIFIELD,M_8,0,2,Path_NP1_2_B,0,1,5, -1, -1,5,0,0.577,0.362,1.639,-0.135,5.576,1.639,-3.107,14.179,1.198
4,NAVIFIELD,M_8,0,2,Path_NP1_2_B,0,1,5, -1, -1,5,0,0.586,0.357,1.639,-0.133,5.496,1.639,-3.077,15.039,1.265
4,NAVIFIELD,M_8,0,2,Path_NP1_2_B,0,1,5, -1, -1,5,0,0.594,0.351,1.639,-0.131,5.414,1.639,-3.045,15.917,1.336
4,NAVIFIELD,M_8,0,2,Path_NP1_2_B,0,1,5, -1, -1,5,0,0.602,0.346,1.639,-0.129,5.328,1.639,-3.008,16.835,1.413
4,NAVIFIELD,M_8,0,2,Path_NP1_2_B,0,1,5, -1, -1,5,0,0.611,0.341,1.639,-0.127,5.237,1.639,-2.966,17.816,1.496
4,NAVIFIELD,M_8,0,2,Path_NP1_2_B,0,1,5, -1, -1,5,0,0.619,0.336,1.639,-0.125,5.149,1.639,-2.925,18.334,1.578
4,NAVIFIELD,M_8,0,2,Path_NP1_2_B,0,1,5, -1, -1,5,0,0.627,0.332,1.639,-0.122,5.061,1.639,-2.882,18.334,1.661
4,NAVIFIELD,M_8,0,2,Path_NP1_2_B,0,1,5, -1, -1,5,0,0.636,0.327,1.639,-0.120,4.977,1.639,-2.838,18.334,1.742
4,NAVIFIELD,M_8,0,2,Path_NP1_2_B,0,1,5, -1, -1,5,0,0.644,0.322,1.639,-0.117,4.893,1.639,-2.795,18.334,1.824
4,NAVIFIELD,M_8,0,2,Path_NP1_2_B,0,1,5, -1, -1,5,0,0.652,0.318,1.639,-0.115,4.806,1.639,-2.750,18.334,1.908
4,NAVIFIELD,M_8,0,2,Path_NP1_2_B,0,1,5, -1, -1,5,0,0.661,0.313,1.638,-0.113,4.723,1.638,-2.707,18.334,1.989
4,NAVIFIELD,M_8,0,2,Path_NP1_2_B,0,1,5, -1, -1,5,0,0.669,0.308,1.637,-0.110,4.638,1.637,-2.665,18.334,2.069
4,NAVIFIELD,M_8,0,2,Path_NP1_2_B,0,1,5, -1, -1,5,0,0.677,0.304,1.637,-0.108,4.551,1.637,-2.623,18.334,2.151
4,NAVIFIELD,M_8,0,2,Path_NP1_2_B,0,1,5, -1, -1,5,0,0.689,0.299,1.636,-0.106,4.461,1.636,-2.581,18.334,2.234
4,NAVIFIELD,M_8,0,2,Path_NP1_2_B,0,1,5, -1, -1,5,0,0.694,0.294,1.636,-0.103,4.371,1.636,-2.539,18.334,2.318
4,NAVIFIELD,M_8,0,2,Path_NP1_2_B,0,1,5, -1, -1,5,0,0.702,0.289,1.636,-0.101,4.278,1.636,-2.498,18.334,2.402
4,NAVIFIELD,M_8,0,2,Path_NP1_2_B,0,1,5, -1, -1,5,0,0.711,0.284,1.635,-0.099,4.183,1.635,-2.458,18.334,2.486
4,NAVIFIELD,M_8,0,2,Path_NP1_2_B,0,1,5, -1, -1,5,0,0.719,0.278,1.635,-0.097,4.082,1.635,-2.423,18.334,2.569
4,NAVIFIELD,M_8,0,2,Path_NP1_2_B,0,1,5, -1, -1,5,0,0.728,0.273,1.635,-0.095,3.981,1.635,-2.387,18.334,2.653
4,NAVIFIELD,M_8,0,2,Path_NP1_2_B,0,1,5, -1, -1,5,0,0.736,0.267,1.635,-0.093,3.878,1.635,-2.353,18.334,2.736
4,NAVIFIELD,M_8,0,2,Path_NP1_2_B,0,1,5, -1, -1,5,0,0.744,0.262,1.634,-0.091,3.778,1.634,-2.318,18.334,2.819
4,NAVIFIELD,M_8,0,2,Path_NP1_2_B,0,1,5, -1, -1,5,0,0.752,0.256,1.634,-0.090,3.677,1.634,-2.284,18.334,2.901
4,NAVIFIELD,M_8,0,2,Path_NP1_2_B,0,1,5, -1, -1,5,0,0.761,0.251,1.634,-0.088,3.577,1.634,-2.252,18.334,2.981
4,NAVIFIELD,M_8,0,2,Path_NP1_2_B,0,1,5, -1, -1,5,0,0.769,0.245,1.634,-0.086,3.480,1.634,-2.220,18.334,3.060
4,NAVIFIELD,M_8,0,2,Path_NP1_2_B,0,1,5, -1, -1,5,0,0.778,0.240,1.634,-0.084,3.382,1.634,-2.187,18.334,3.140
4,NAVIFIELD,M_8,0,2,Path_NP1_2_B,0,1,5, -1, -1,5,0,0.786,0.235,1.633,-0.082,3.286,1.633,-2.153,18.334,3.220
4,NAVIFIELD,M_8,0,2,Path_NP1_2_B,0,1,5, -1, -1,5,0,0.794,0.230,1.633,-0.081,3.190,1.633,-2.119,18.334,3.300
4,NAVIFIELD,M_8,0,2,Path_NP1_2_B,0,1,5, -1, -1,5,0,0.802,0.224,1.633,-0.079,3.094,1.633,-2.085,18.334,3.379
4,NAVIFIELD,M_8,0,2,Path_NP1_2_B,0,1,5, -1, -1,5,0,0.811,0.219,1.633,-0.077,2.998,1.633,-2.051,18.334,3.458
4,NAVIFIELD,M_8,0,2,Path_NP1_2_B,0,1,5, -1, -1,5,0,0.819,0.214,1.634,-0.075,2.905,1.634,-2.019,18.334,3.535
4,NAVIFIELD,M_8,0,2,Path_NP1_2_B,0,1,5, -1, -1,5,0,0.828,0.209,1.634,-0.073,2.812,1.634,-1.986,18.334,3.612
4,NAVIFIELD,M_8,0,2,Path_NP1_2_B,0,1,5, -1, -1,5,0,0.840,0.204,1.634,-0.072,2.722,1.634,-1.955,18.334,3.687
4,NAVIFIELD,M_8,0,2,Path_NP1_2_B,0,1,5, -1, -1,5,0,0.844,0.199,1.634,-0.070,2.631,1.634,-1.923,18.334,3.762
4,NAVIFIELD,M_8,0,2,Path_NP1_2_B,0,1,5, -1, -1,5,0,0.853,0.194,1.633,-0.068,2.543,1.633,-1.892,18.334,3.834
4,NAVIFIELD,M_8,0,2,Path_NP1_2_B,0,1,5, -1, -1,5,0,0.861,0.190,1.633,-0.067,2.456,1.633,-1.863,18.334,3.905
4,NAVIFIELD,M_8,0,2,Path_NP1_2_B,0,1,5, -1, -1,5,0,0.869,0.185,1.633,-0.065,2.372,1.633,-1.836,18.334,3.972
4,NAVIFIELD,M_8,0,2,Path_NP1_2_B,0,1,5, -1, -1,5,0,0.878,0.180,1.633,-0.064,2.290,1.633,-1.811,18.334,4.037
4,NAVIFIELD,M_8,0,2,Path_NP1_2_B,0,1,5, -1, -1,5,0,0.886,0.176,1.632,-0.062,2.204,1.632,-1.784,18.334,4.105
4,NAVIFIELD,M_8,0,2,Path_NP1_2_B,0,1,5, -1, -1,5,0,0.894,0.172,1.632,-0.061,2.126,1.632,-1.764,18.334,4.163
4,NAVIFIELD,M_8,0,2,Path_NP1_2_B,0,1,5, -1, -1,5,0,0.903,0.167,1.631,-0.060,2.050,1.631,-1.743,18.334,4.222
4,NAVIFIELD,M_8,0,2,Path_NP1_2_B,0,1,5, -1, -1,5,0,0.911,0.163,1.631,-0.059,1.978,1.631,-1.724,18.334,4.276
4,NAVIFIELD,M_8,0,2,Path_NP1_2_B,0,1,5, -1, -1,5,0,0.920,0.159,1.631,-0.058,1.901,1.631,-1.702,18.334,4.336
4,NAVIFIELD,M_8,0,2,Path_NP1_2_B,0,1,5, -1, -1,5,0,0.928,0.155,1.631,-0.057,1.831,1.631,-1.683,18.334,4.389
4,NAVIFIELD,M_8,0,2,Path_NP1_2_B,0,1,5, -1, -1,5,0,0.936,0.151,1.631,-0.056,1.758,1.631,-1.663,18.334,4.444
4,NAVIFIELD,M_8,0,2,Path_NP1_2_B,0,1,5, -1, -1,5,0,0.945,0.148,1.631,-0.055,1.691,1.631,-1.647,18.334,4.493
4,NAVIFIELD,M_8,0,2,Path_NP1_2_B,0,1,5, -1, -1,5,0,0.953,0.144,1.631,-0.054,1.622,1.631,-1.629,18.334,4.545
4,NAVIFIELD,M_8,0,2,Path_NP1_2_B,0,1,5, -1, -1,5,0,0.961,0.141,1.631,-0.053,1.558,1.631,-1.614,18.334,4.592
4,NAVIFIELD,M_8,0,2,Path_NP1_2_B,0,1,5, -1, -1,5,0,0.970,0.137,1.631,-0.052,1.493,1.631,-1.597,18.334,4.640
4,NAVIFIELD,M_8,0,2,Path_NP1_2_B,0,1,5, -1, -1,5,0,0.978,0.133,1.631,-0.051,1.420,1.631,-1.577,18.334,4.696
4,NAVIFIELD,M_8,0,2,Path_NP1_2_B,0,1,5, -1, -1,5,0,0.990,0.131,1.631,-0.050,1.377,1.631,-1.565,18.334,4.729
4,NAVIFIELD,M_8,0,2,Path_NP1_2_B,0,1,5, -1, -1,5,0,0.995,0.128,1.631,-0.049,1.329,1.631,-1.549,18.334,4.769
4,NAVIFIELD,M_8,0,2,Path_NP1_2_B,0,1,5, -1, -1,5,0,1.003,0.125,1.631,-0.049,1.276,1.631,-1.531,18.334,4.812
4,NAVIFIELD,M_8,0,2,Path_NP1_2_B,0,1,5, -1, -1,5,0,1.011,0.123,1.631,-0.048,1.230,1.631,-1.514,18.334,4.851
4,NAVIFIELD,M_8,0,2,Path_NP1_2_B,0,1,5, -1, -1,5,0,1.020,0.120,1.631,-0.047,1.179,1.631,-1.497,18.334,4.892
4,NAVIFIELD,M_8,0,2,Path_NP1_2_B,0,1,5, -1, -1,5,0,1.028,0.117,1.631,-0.046,1.134,1.631,-1.481,18.334,4.930
4,NAVIFIELD,M_8,0,2,Path_NP1_2_B,0,1,5, -1, -1,5,0,1.036,0.115,1.631,-0.045,1.090,1.631,-1.465,18.334,4.966
4,NAVIFIELD,M_8,0,2,Path_NP1_2_B,0,1,5, -1, -1,5,0,1.045,0.112,1.631,-0.044,1.044,1.631,-1.451,18.334,5.003
4,NAVIFIELD,M_8,0,2,Path_NP1_2_B,0,1,5, -1, -1,5,0,1.053,0.110,1.631,-0.043,0.998,1.631,-1.438,18.334,5.037
4,NAVIFIELD,M_8,0,2,Path_NP1_2_B,0,1,5, -1, -1,5,0,1.062,0.107,1.631,-0.043,0.952,1.631,-1.427,18.334,5.072
4,NAVIFIELD,M_8,0,2,Path_NP1_2_B,0,1,5, -1, -1,5,0,1.070,0.105,1.631,-0.042,0.911,1.631,-1.419,18.334,5.100
4,NAVIFIELD,M_8,0,2,Path_NP1_2_B,0,1,5, -1, -1,5,0,1.078,0.103,1.632,-0.042,0.871,1.632,-1.412,18.334,5.128
4,NAVIFIELD,M_8,0,2,Path_NP1_2_B,0,1,5, -1, -1,5,0,1.087,0.101,1.631,-0.042,0.829,1.631,-1.403,18.334,5.157
4,NAVIFIELD,M_8,0,2,Path_NP1_2_B,0,1,5, -1, -1,5,0,1.095,0.099,1.631,-0.041,0.788,1.631,-1.395,18.334,5.186
4,NAVIFIELD,M_8,0,2,Path_NP1_2_B,0,1,5, -1, -1,5,0,1.103,0.097,1.631,-0.041,0.753,1.631,-1.391,18.334,5.208
4,NAVIFIELD,M_8,0,2,Path_NP1_2_B,0,1,5, -1, -1,5,0,1.112,0.095,1.631,-0.041,0.718,1.631,-1.386,18.334,5.230
4,NAVIFIELD,M_8,0,2,Path_NP1_2_B,0,1,5, -1, -1,5,0,1.120,0.093,1.631,-0.040,0.683,1.631,-1.381,18.334,5.253
4,NAVIFIELD,M_8,0,2,Path_NP1_2_B,0,1,5, -1, -1,5,0,1.128,0.091,1.631,-0.040,0.655,1.631,-1.381,18.334,5.268
4,NAVIFIELD,M_8,0,2,Path_NP1_2_B,0,1,5, -1, -1,5,0,1.140,0.090,1.631,-0.040,0.624,1.631,-1.379,18.334,5.286
4,NAVIFIELD,M_8,0,2,Path_NP1_2_B,0,1,5, -1, -1,5,0,1.145,0.088,1.631,-0.040,0.595,1.631,-1.380,18.334,5.300
4,NAVIFIELD,M_8,0,2,Path_NP1_2_B,0,1,5, -1, -1,5,0,1.153,0.087,1.631,-0.041,0.571,1.631,-1.386,18.334,5.308
4,NAVIFIELD,M_8,0,2,Path_NP1_2_B,0,1,5, -1, -1,5,0,1.162,0.085,1.631,-0.041,0.548,1.631,-1.395,18.334,5.312
4,NAVIFIELD,M_8,0,2,Path_NP1_2_B,0,1,5, -1, -1,5,0,1.170,0.084,1.631,-0.041,0.524,1.631,-1.402,18.334,5.319
4,NAVIFIELD,M_8,0,2,Path_NP1_2_B,0,1,5, -1, -1,5,0,1.179,0.083,1.632,-0.042,0.509,1.632,-1.411,18.334,5.319
4,NAVIFIELD,M_8,0,2,Path_NP1_2_B,0,1,5, -1, -1,5,0,1.187,0.082,1.632,-0.042,0.492,1.632,-1.415,18.334,5.325
4,NAVIFIELD,M_8,0,2,Path_NP1_2_B,0,1,5, -1, -1,5,0,1.195,0.082,1.632,-0.042,0.480,1.632,-1.417,18.334,5.330
4,NAVIFIELD,M_8,0,2,Path_NP1_2_B,0,1,5, -1, -1,5,0,1.204,0.081,1.632,-0.042,0.472,1.632,-1.415,18.334,5.336
4,NAVIFIELD,M_8,0,2,Path_NP1_2_B,0,1,5, -1, -1,5,0,1.212,0.081,1.632,-0.042,0.464,1.632,-1.411,18.334,5.343
4,NAVIFIELD,M_8,0,2,Path_NP1_2_B,0,1,5, -1, -1,5,0,1.220,0.081,1.632,-0.042,0.460,1.632,-1.405,18.334,5.350
4,NAVIFIELD,M_8,0,2,Path_NP1_2_B,0,1,5, -1, -1,5,0,1.229,0.080,1.632,-0.041,0.456,1.632,-1.398,18.334,5.358
4,NAVIFIELD,M_8,0,2,Path_NP1_2_B,0,1,5, -1, -1,5,0,1.237,0.081,1.632,-0.041,0.461,1.632,-1.387,18.334,5.366
4,NAVIFIELD,M_8,0,2,Path_NP1_2_B,0,1,5, -1, -1,5,0,1.245,0.081,1.632,-0.040,0.465,1.632,-1.374,18.334,5.374
4,NAVIFIELD,M_8,0,2,Path_NP1_2_B,0,1,5, -1, -1,5,0,1.254,0.081,1.631,-0.039,0.468,1.631,-1.362,18.334,5.383
4,NAVIFIELD,M_8,0,2,Path_NP1_2_B,0,1,5, -1, -1,5,0,1.262,0.081,1.631,-0.038,0.473,1.631,-1.347,18.334,5.393
4,NAVIFIELD,M_8,0,2,Path_NP1_2_B,0,1,5, -1, -1,5,0,1.270,0.082,1.631,-0.037,0.488,1.631,-1.326,18.334,5.403
4,NAVIFIELD,M_8,0,2,Path_NP1_2_B,0,1,5, -1, -1,5,0,1.279,0.083,1.631,-0.036,0.499,1.631,-1.306,18.334,5.414
4,NAVIFIELD,M_8,0,2,Path_NP1_2_B,0,1,5, -1, -1,5,0,1.291,0.083,1.630,-0.035,0.511,1.630,-1.285,18.334,5.426
4,NAVIFIELD,M_8,0,2,Path_NP1_2_B,0,1,5, -1, -1,5,0,1.296,0.084,1.630,-0.034,0.520,1.630,-1.266,18.334,5.436
4,NAVIFIELD,M_8,0,2,Path_NP1_2_B,0,1,5, -1, -1,5,0,1.304,0.085,1.630,-0.033,0.535,1.630,-1.244,18.334,5.448
4,NAVIFIELD,M_8,0,2,Path_NP1_2_B,0,1,5, -1, -1,5,0,1.312,0.085,1.630,-0.032,0.546,1.630,-1.224,18.334,5.459
4,NAVIFIELD,M_8,0,2,Path_NP1_2_B,0,1,5, -1, -1,5,0,1.321,0.086,1.630,-0.031,0.561,1.630,-1.202,18.334,5.469
4,NAVIFIELD,M_8,0,2,Path_NP1_2_B,0,1,5, -1, -1,5,0,1.329,0.087,1.630,-0.029,0.576,1.630,-1.182,18.334,5.479
4,NAVIFIELD,M_8,0,2,Path_NP1_2_B,0,1,5, -1, -1,5,0,1.337,0.088,1.630,-0.028,0.594,1.630,-1.161,18.334,5.487
4,NAVIFIELD,M_8,0,2,Path_NP1_2_B,0,1,5, -1, -1,5,0,1.346,0.089,1.629,-0.027,0.616,1.629,-1.139,18.334,5.494
4,NAVIFIELD,M_8,0,2,Path_NP1_2_B,0,1,5, -1, -1,5,0,1.354,0.090,1.629,-0.026,0.639,1.629,-1.118,18.334,5.499
4,NAVIFIELD,M_8,0,2,Path_NP1_2_B,0,1,5, -1, -1,5,0,1.362,0.092,1.629,-0.025,0.661,1.629,-1.099,18.334,5.504
4,NAVIFIELD,M_8,0,2,Path_NP1_2_B,0,1,5, -1, -1,5,0,1.371,0.093,1.629,-0.024,0.686,1.629,-1.079,18.334,5.507
4,NAVIFIELD,M_8,0,2,Path_NP1_2_B,0,1,5, -1, -1,5,0,1.379,0.094,1.629,-0.023,0.713,1.629,-1.059,18.334,5.510
4,NAVIFIELD,M_8,0,2,Path_NP1_2_B,0,1,5, -1, -1,5,0,1.387,0.096,1.629,-0.022,0.740,1.629,-1.039,18.334,5.512
4,NAVIFIELD,M_8,0,2,Path_NP1_2_B,0,1,5, -1, -1,5,0,1.396,0.098,1.630,-0.021,0.770,1.630,-1.019,18.334,5.514
4,NAVIFIELD,M_8,0,2,Path_NP1_2_B,0,1,5, -1, -1,5,0,1.404,0.099,1.630,-0.020,0.799,1.630,-1.000,18.334,5.514
4,NAVIFIELD,M_8,0,2,Path_NP1_2_B,0,1,5, -1, -1,5,0,1.413,0.101,1.630,-0.019,0.828,1.630,-0.985,18.334,5.512
4,NAVIFIELD,M_8,0,2,Path_NP1_2_B,0,1,5, -1, -1,5,0,1.421,0.103,1.631,-0.018,0.863,1.631,-0.972,18.334,5.505
4,NAVIFIELD,M_8,0,2,Path_NP1_2_B,0,1,5, -1, -1,5,0,1.430,0.105,1.631,-0.017,0.898,1.631,-0.958,18.334,5.497
4,NAVIFIELD,M_8,0,2,Path_NP1_2_B,0,1,5, -1, -1,5,0,1.441,0.106,1.631,-0.017,0.934,1.631,-0.944,18.334,5.491
4,NAVIFIELD,M_8,0,2,Path_NP1_2_B,0,1,5, -1, -1,5,0,1.446,0.108,1.632,-0.016,0.970,1.632,-0.933,18.334,5.480
4,NAVIFIELD,M_8,0,2,Path_NP1_2_B,0,1,5, -1, -1,5,0,1.454,0.110,1.632,-0.016,1.007,1.632,-0.926,18.334,5.467
4,NAVIFIELD,M_8,0,2,Path_NP1_2_B,0,1,5, -1, -1,5,0,1.463,0.113,1.633,-0.016,1.047,1.633,-0.926,18.334,5.446
4,NAVIFIELD,M_8,0,2,Path_NP1_2_B,0,1,5, -1, -1,5,0,1.471,0.115,1.634,-0.016,1.089,1.634,-0.926,18.334,5.423
4,NAVIFIELD,M_8,0,2,Path_NP1_2_B,0,1,5, -1, -1,5,0,1.479,0.118,1.635,-0.016,1.140,1.635,-0.934,18.334,5.390
4,NAVIFIELD,M_8,0,2,Path_NP1_2_B,0,1,5, -1, -1,5,0,1.488,0.120,1.635,-0.016,1.190,1.635,-0.940,18.334,5.359
4,NAVIFIELD,M_8,0,2,Path_NP1_2_B,0,1,5, -1, -1,5,0,1.496,0.123,1.636,-0.017,1.242,1.636,-0.951,18.334,5.321
4,NAVIFIELD,M_8,0,2,Path_NP1_2_B,0,1,5, -1, -1,5,0,1.504,0.126,1.637,-0.018,1.294,1.637,-0.963,18.334,5.284
4,NAVIFIELD,M_8,0,2,Path_NP1_2_B,0,1,5, -1, -1,5,0,1.513,0.129,1.638,-0.018,1.343,1.638,-0.973,18.334,5.249
4,NAVIFIELD,M_8,0,2,Path_NP1_2_B,0,1,5, -1, -1,5,0,1.521,0.131,1.639,-0.019,1.391,1.639,-0.983,18.334,5.216
4,NAVIFIELD,M_8,0,2,Path_NP1_2_B,0,1,5, -1, -1,5,0,1.529,0.134,1.640,-0.019,1.442,1.640,-0.995,18.334,5.179
4,NAVIFIELD,M_8,0,2,Path_NP1_2_B,0,1,5, -1, -1,5,0,1.538,0.137,1.640,-0.020,1.494,1.640,-1.006,18.334,5.141
4,NAVIFIELD,M_8,0,2,Path_NP1_2_B,0,1,5, -1, -1,5,0,1.546,0.140,1.641,-0.020,1.543,1.641,-1.014,18.334,5.109
4,NAVIFIELD,M_8,0,2,Path_NP1_2_B,0,1,5, -1, -1,5,0,1.555,0.143,1.642,-0.021,1.596,1.642,-1.025,18.334,5.071
4,NAVIFIELD,M_8,0,2,Path_NP1_2_B,0,1,5, -1, -1,5,0,1.563,0.145,1.642,-0.021,1.648,1.642,-1.035,18.334,5.035
4,NAVIFIELD,M_8,0,2,Path_NP1_2_B,0,1,5, -1, -1,5,0,1.571,0.148,1.643,-0.022,1.698,1.643,-1.044,18.334,5.001
4,NAVIFIELD,M_8,0,2,Path_NP1_2_B,0,1,5, -1, -1,5,0,1.580,0.151,1.643,-0.022,1.748,1.643,-1.053,18.334,4.967
4,NAVIFIELD,M_8,0,2,Path_NP1_2_B,0,1,5, -1, -1,5,0,1.591,0.154,1.643,-0.023,1.798,1.643,-1.061,18.334,4.934
4,NAVIFIELD,M_8,0,2,Path_NP1_2_B,0,1,5, -1, -1,5,0,1.596,0.156,1.643,-0.023,1.847,1.643,-1.068,18.334,4.902
4,NAVIFIELD,M_8,0,2,Path_NP1_2_B,0,1,5, -1, -1,5,0,1.605,0.159,1.643,-0.024,1.895,1.643,-1.075,18.334,4.870
4,NAVIFIELD,M_8,0,2,Path_NP1_2_B,0,1,5, -1, -1,5,0,1.613,0.162,1.643,-0.024,1.944,1.643,-1.083,18.334,4.838
4,NAVIFIELD,M_8,0,2,Path_NP1_2_B,0,1,5, -1, -1,5,0,1.621,0.164,1.643,-0.025,1.993,1.643,-1.092,18.334,4.804
4,NAVIFIELD,M_8,0,2,Path_NP1_2_B,0,1,5, -1, -1,5,0,1.630,0.167,1.643,-0.025,2.043,1.643,-1.103,18.334,4.768
4,NAVIFIELD,M_8,0,2,Path_NP1_2_B,0,1,5, -1, -1,5,0,1.638,0.170,1.643,-0.026,2.093,1.643,-1.114,18.334,4.733
4,NAVIFIELD,M_8,0,2,Path_NP1_2_B,0,1,5, -1, -1,5,0,1.646,0.172,1.643,-0.026,2.142,1.643,-1.127,18.334,4.695
4,NAVIFIELD,M_8,0,2,Path_NP1_2_B,0,1,5, -1, -1,5,0,1.655,0.175,1.643,-0.027,2.191,1.643,-1.139,18.334,4.660
4,NAVIFIELD,M_8,0,2,Path_NP1_2_B,0,1,5, -1, -1,5,0,1.663,0.178,1.642,-0.028,2.240,1.642,-1.150,18.334,4.624
4,NAVIFIELD,M_8,0,2,Path_NP1_2_B,0,1,5, -1, -1,5,0,1.672,0.180,1.642,-0.028,2.290,1.642,-1.161,18.334,4.589
4,NAVIFIELD,M_8,0,2,Path_NP1_2_B,0,1,5, -1, -1,5,0,1.680,0.183,1.642,-0.029,2.340,1.642,-1.171,18.334,4.553
4,NAVIFIELD,M_8,0,2,Path_NP1_2_B,0,1,5, -1, -1,5,0,1.689,0.186,1.641,-0.029,2.390,1.641,-1.182,18.334,4.518
4,NAVIFIELD,M_8,0,2,Path_NP1_2_B,0,1,5, -1, -1,5,0,1.697,0.189,1.641,-0.030,2.439,1.641,-1.193,18.334,4.482
4,NAVIFIELD,M_8,0,2,Path_NP1_2_B,0,1,5, -1, -1,5,0,1.705,0.191,1.640,-0.031,2.489,1.640,-1.204,18.334,4.446
4,NAVIFIELD,M_8,0,2,Path_NP1_2_B,0,1,5, -1, -1,5,0,1.714,0.194,1.639,-0.031,2.538,1.639,-1.215,18.334,4.411
4,NAVIFIELD,M_8,0,2,Path_NP1_2_B,0,1,5, -1, -1,5,0,1.722,0.197,1.639,-0.032,2.586,1.639,-1.226,18.334,4.376
4,NAVIFIELD,M_8,0,2,Path_NP1_2_B,0,1,5, -1, -1,5,0,1.731,0.199,1.638,-0.033,2.632,1.638,-1.238,18.334,4.342
4,NAVIFIELD,M_8,0,2,Path_NP1_2_B,0,1,5, -1, -1,5,0,1.743,0.202,1.637,-0.033,2.679,1.637,-1.249,18.334,4.308
4,NAVIFIELD,M_8,0,2,Path_NP1_2_B,0,1,5, -1, -1,5,0,1.750,0.204,1.637,-0.034,2.723,1.637,-1.260,18.334,4.275
4,NAVIFIELD,M_8,0,2,Path_NP1_2_B,0,1,5, -1, -1,5,0,1.756,0.207,1.636,-0.034,2.768,1.636,-1.271,18.334,4.242
4,NAVIFIELD,M_8,0,2,Path_NP1_2_B,0,1,5, -1, -1,5,0,1.764,0.209,1.636,-0.035,2.811,1.636,-1.282,18.334,4.210
4,NAVIFIELD,M_8,0,2,Path_NP1_2_B,0,1,5, -1, -1,5,0,1.772,0.211,1.635,-0.036,2.854,1.635,-1.293,18.334,4.177
4,NAVIFIELD,M_8,0,2,Path_NP1_2_B,0,1,5, -1, -1,5,0,1.782,0.213,1.635,-0.036,2.893,1.635,-1.305,18.334,4.147
4,NAVIFIELD,M_8,0,2,Path_NP1_2_B,0,1,5, -1, -1,5,0,1.789,0.215,1.635,-0.037,2.929,1.635,-1.316,18.334,4.118
4,NAVIFIELD,M_8,0,2,Path_NP1_2_B,0,1,5, -1, -1,5,0,1.798,0.217,1.635,-0.037,2.965,1.635,-1.328,18.334,4.089
4,NAVIFIELD,M_8,0,2,Path_NP1_2_B,0,1,5, -1, -1,5,0,1.806,0.219,1.635,-0.038,2.995,1.635,-1.340,18.334,4.063
4,NAVIFIELD,M_8,0,2,Path_NP1_2_B,0,1,5, -1, -1,5,0,1.814,0.220,1.635,-0.039,3.023,1.635,-1.352,18.334,4.038
4,NAVIFIELD,M_8,0,2,Path_NP1_2_B,0,1,5, -1, -1,5,0,1.822,0.222,1.635,-0.039,3.045,1.635,-1.365,18.334,4.015
4,NAVIFIELD,M_8,0,2,Path_NP1_2_B,0,1,5, -1, -1,5,0,1.831,0.223,1.635,-0.040,3.062,1.635,-1.380,18.334,3.994
4,NAVIFIELD,M_8,0,2,Path_NP1_2_B,0,1,5, -1, -1,5,0,1.839,0.223,1.635,-0.041,3.076,1.635,-1.396,18.334,3.973
4,NAVIFIELD,M_8,0,2,Path_NP1_2_B,0,1,5, -1, -1,5,0,1.849,0.224,1.635,-0.042,3.083,1.635,-1.415,18.334,3.953
4,NAVIFIELD,M_8,0,2,Path_NP1_2_B,0,1,5, -1, -1,5,0,1.856,0.224,1.635,-0.043,3.090,1.635,-1.434,18.334,3.933
4,NAVIFIELD,M_8,0,2,Path_NP1_2_B,0,1,5, -1, -1,5,0,1.864,0.224,1.636,-0.044,3.088,1.636,-1.456,18.334,3.916
4,NAVIFIELD,M_8,0,2,Path_NP1_2_B,0,1,5, -1, -1,5,0,1.872,0.224,1.636,-0.046,3.080,1.636,-1.480,18.334,3.899
4,NAVIFIELD,M_8,0,2,Path_NP1_2_B,0,1,5, -1, -1,5,0,1.881,0.223,1.636,-0.047,3.073,1.636,-1.504,18.334,3.882
4,NAVIFIELD,M_8,0,2,Path_NP1_2_B,0,1,5, -1, -1,5,0,1.893,0.222,1.636,-0.049,3.053,1.636,-1.533,18.334,3.869
4,NAVIFIELD,M_8,0,2,Path_NP1_2_B,0,1,5, -1, -1,5,0,1.897,0.221,1.636,-0.050,3.030,1.636,-1.563,18.334,3.856
4,NAVIFIELD,M_8,0,2,Path_NP1_2_B,0,1,5, -1, -1,5,0,1.906,0.220,1.636,-0.052,3.008,1.636,-1.592,18.334,3.842
4,NAVIFIELD,M_8,0,2,Path_NP1_2_B,0,1,5, -1, -1,5,0,1.914,0.218,1.637,-0.054,2.976,1.637,-1.626,18.334,3.831
4,NAVIFIELD,M_8,0,2,Path_NP1_2_B,0,1,5, -1, -1,5,0,1.922,0.216,1.637,-0.056,2.941,1.637,-1.662,18.334,3.819
4,NAVIFIELD,M_8,0,2,Path_NP1_2_B,0,1,5, -1, -1,5,0,1.931,0.214,1.637,-0.058,2.906,1.637,-1.699,18.334,3.805
4,NAVIFIELD,M_8,0,2,Path_NP1_2_B,0,1,5, -1, -1,5,0,1.939,0.212,1.637,-0.060,2.867,1.637,-1.738,18.334,3.793
4,NAVIFIELD,M_8,0,2,Path_NP1_2_B,0,1,5, -1, -1,5,0,1.947,0.210,1.637,-0.062,2.827,1.637,-1.778,18.334,3.781
4,NAVIFIELD,M_8,0,2,Path_NP1_2_B,0,1,5, -1, -1,5,0,1.956,0.207,1.637,-0.064,2.783,1.637,-1.819,18.334,3.769
4,NAVIFIELD,M_8,0,2,Path_NP1_2_B,0,1,5, -1, -1,5,0,1.964,0.205,1.637,-0.067,2.735,1.637,-1.861,18.334,3.759
4,NAVIFIELD,M_8,0,2,Path_NP1_2_B,0,1,5, -1, -1,5,0,1.972,0.202,1.637,-0.069,2.689,1.637,-1.902,18.334,3.748
4,NAVIFIELD,M_8,0,2,Path_NP1_2_B,0,1,5, -1, -1,5,0,1.981,0.199,1.637,-0.071,2.633,1.637,-1.946,18.334,3.741
4,NAVIFIELD,M_8,0,2,Path_NP1_2_B,0,1,5, -1, -1,5,0,1.989,0.196,1.637,-0.074,2.583,1.637,-1.989,18.334,3.731
4,NAVIFIELD,M_8,0,2,Path_NP1_2_B,0,1,5, -1, -1,5,0,1.997,0.194,1.638,-0.076,2.530,1.638,-2.035,18.334,3.720
4,NAVIFIELD,M_8,0,2,Path_NP1_2_B,0,1,5, -1, -1,5,0,2.006,0.191,1.638,-0.078,2.481,1.638,-2.080,18.334,3.708
4,NAVIFIELD,M_8,0,2,Path_NP1_2_B,0,1,5, -1, -1,5,0,2.014,0.188,1.638,-0.081,2.429,1.638,-2.127,18.334,3.695
4,NAVIFIELD,M_8,0,2,Path_NP1_2_B,0,1,5, -1, -1,5,0,2.023,0.185,1.637,-0.083,2.380,1.637,-2.172,18.334,3.683
4,NAVIFIELD,M_8,0,2,Path_NP1_2_B,0,1,5, -1, -1,5,0,2.031,0.183,1.637,-0.086,2.334,1.637,-2.216,18.334,3.670
4,NAVIFIELD,M_8,0,2,Path_NP1_2_B,0,1,5, -1, -1,5,0,2.043,0.180,1.637,-0.088,2.288,1.637,-2.259,18.334,3.658
4,NAVIFIELD,M_8,0,2,Path_NP1_2_B,0,1,5, -1, -1,5,0,2.048,0.178,1.637,-0.091,2.242,1.637,-2.303,18.334,3.645
4,NAVIFIELD,M_8,0,2,Path_NP1_2_B,0,1,5, -1, -1,5,0,2.056,0.175,1.637,-0.093,2.198,1.637,-2.347,18.334,3.632
4,NAVIFIELD,M_8,0,2,Path_NP1_2_B,0,1,5, -1, -1,5,0,2.065,0.173,1.636,-0.095,2.155,1.636,-2.389,18.334,3.618
4,NAVIFIELD,M_8,0,2,Path_NP1_2_B,0,1,5, -1, -1,5,0,2.073,0.171,1.636,-0.098,2.113,1.636,-2.432,18.334,3.604
4,NAVIFIELD,M_8,0,2,Path_NP1_2_B,0,1,5, -1, -1,5,0,2.082,0.169,1.636,-0.100,2.075,1.636,-2.475,18.334,3.588
4,NAVIFIELD,M_8,0,2,Path_NP1_2_B,0,1,5, -1, -1,5,0,2.091,0.167,1.635,-0.103,2.038,1.635,-2.521,18.334,3.569
4,NAVIFIELD,M_8,0,2,Path_NP1_2_B,0,1,5, -1, -1,5,0,2.098,0.165,1.635,-0.105,2.005,1.635,-2.567,18.334,3.547
4,NAVIFIELD,M_8,0,2,Path_NP1_2_B,0,1,5, -1, -1,5,0,2.107,0.163,1.635,-0.108,1.973,1.635,-2.614,18.334,3.524
4,NAVIFIELD,M_8,0,2,Path_NP1_2_B,0,1,5, -1, -1,5,0,2.115,0.161,1.635,-0.110,1.942,1.635,-2.662,18.334,3.500
4,NAVIFIELD,M_8,0,2,Path_NP1_2_B,0,1,5, -1, -1,5,0,2.123,0.160,1.635,-0.113,1.915,1.635,-2.711,18.334,3.472
4,NAVIFIELD,M_8,0,2,Path_NP1_2_B,0,1,5, -1, -1,5,0,2.131,0.158,1.635,-0.116,1.885,1.635,-2.761,18.334,3.446
4,NAVIFIELD,M_8,0,2,Path_NP1_2_B,0,1,5, -1, -1,5,0,2.140,0.157,1.635,-0.118,1.859,1.635,-2.811,18.334,3.417
4,NAVIFIELD,M_8,0,2,Path_NP1_2_B,0,1,5, -1, -1,5,0,2.148,0.156,1.636,-0.121,1.834,1.636,-2.862,18.334,3.387
4,NAVIFIELD,M_8,0,2,Path_NP1_2_B,0,1,5, -1, -1,5,0,2.156,0.154,1.636,-0.124,1.809,1.636,-2.914,18.334,3.356
4,NAVIFIELD,M_8,0,2,Path_NP1_2_B,0,1,5, -1, -1,5,0,2.165,0.153,1.637,-0.127,1.787,1.637,-2.968,18.334,3.322
4,NAVIFIELD,M_8,0,2,Path_NP1_2_B,0,1,5, -1, -1,5,0,2.173,0.152,1.638,-0.130,1.765,1.638,-3.024,18.334,3.286
4,NAVIFIELD,M_8,0,2,Path_NP1_2_B,0,1,5, -1, -1,5,0,2.181,0.151,1.639,-0.133,1.749,1.639,-3.082,18.334,3.246
4,NAVIFIELD,M_8,0,2,Path_NP1_2_B,0,1,5, -1, -1,5,0,2.193,0.150,1.641,-0.136,1.738,1.641,-3.142,18.334,3.200
4,NAVIFIELD,M_8,0,2,Path_NP1_2_B,0,1,5, -1, -1,5,0,2.198,0.150,1.643,-0.140,1.730,1.643,-3.202,18.334,3.153
4,NAVIFIELD,M_8,0,2,Path_NP1_2_B,0,1,5, -1, -1,5,0,2.206,0.149,1.645,-0.143,1.721,1.645,-3.261,18.334,3.109
4,NAVIFIELD,M_8,0,2,Path_NP1_2_B,0,1,5, -1, -1,5,0,2.215,0.149,1.647,-0.146,1.713,1.647,-3.320,18.334,3.062
4,NAVIFIELD,M_8,0,2,Path_NP1_2_B,0,1,5, -1, -1,5,0,2.223,0.149,1.649,-0.149,1.706,1.649,-3.380,18.334,3.015
4,NAVIFIELD,M_8,0,2,Path_NP1_2_B,0,1,5, -1, -1,5,0,2.232,0.148,1.651,-0.153,1.699,1.651,-3.439,18.334,2.969
4,NAVIFIELD,M_8,0,2,Path_NP1_2_B,0,1,5, -1, -1,5,0,2.240,0.148,1.654,-0.156,1.691,1.654,-3.495,18.334,2.926
4,NAVIFIELD,M_8,0,2,Path_NP1_2_B,0,1,5, -1, -1,5,0,2.248,0.148,1.656,-0.159,1.688,1.656,-3.548,18.334,2.882
4,NAVIFIELD,M_8,0,2,Path_NP1_2_B,0,1,5, -1, -1,5,0,2.257,0.147,1.657,-0.161,1.681,1.657,-3.600,18.334,2.842
4,NAVIFIELD,M_8,0,2,Path_NP1_2_B,0,1,5, -1, -1,5,0,2.265,0.147,1.659,-0.164,1.682,1.659,-3.648,18.334,2.801
4,NAVIFIELD,M_8,0,2,Path_NP1_2_B,0,1,5, -1, -1,5,0,2.273,0.147,1.660,-0.167,1.685,1.660,-3.694,18.334,2.760
4,NAVIFIELD,M_8,0,2,Path_NP1_2_B,0,1,5, -1, -1,5,0,2.282,0.147,1.662,-0.169,1.685,1.662,-3.743,18.334,2.718
4,NAVIFIELD,M_8,0,2,Path_NP1_2_B,0,1,5, -1, -1,5,0,2.290,0.148,1.663,-0.172,1.691,1.663,-3.788,18.334,2.677
4,NAVIFIELD,M_8,0,2,Path_NP1_2_B,0,1,5, -1, -1,5,0,2.299,0.148,1.664,-0.174,1.689,1.664,-3.836,18.334,2.637
4,NAVIFIELD,M_8,0,2,Path_NP1_2_B,0,1,5, -1, -1,5,0,2.307,0.148,1.665,-0.177,1.686,1.665,-3.885,18.334,2.598
4,NAVIFIELD,M_8,0,2,Path_NP1_2_B,0,1,5, -1, -1,5,0,2.315,0.147,1.666,-0.179,1.681,1.666,-3.932,18.334,2.561
4,NAVIFIELD,M_8,0,2,Path_NP1_2_B,0,1,5, -1, -1,5,0,2.324,0.147,1.667,-0.182,1.675,1.667,-3.979,18.334,2.524
4,NAVIFIELD,M_8,0,2,Path_NP1_2_B,0,1,5, -1, -1,5,0,2.332,0.147,1.668,-0.185,1.669,1.668,-4.025,18.334,2.488
4,NAVIFIELD,M_8,0,2,Path_NP1_2_B,0,1,5, -1, -1,5,0,2.344,0.146,1.669,-0.187,1.661,1.669,-4.069,18.334,2.455
4,NAVIFIELD,M_8,0,2,Path_NP1_2_B,0,1,5, -1, -1,5,0,2.348,0.146,1.669,-0.189,1.652,1.669,-4.112,18.334,2.423
4,NAVIFIELD,M_8,0,2,Path_NP1_2_B,0,1,5, -1, -1,5,0,2.357,0.145,1.670,-0.192,1.642,1.670,-4.154,18.334,2.393
4,NAVIFIELD,M_8,0,2,Path_NP1_2_B,0,1,5, -1, -1,5,0,2.365,0.144,1.670,-0.194,1.629,1.670,-4.194,18.334,2.366
4,NAVIFIELD,M_8,0,2,Path_NP1_2_B,0,1,5, -1, -1,5,0,2.374,0.144,1.671,-0.196,1.613,1.671,-4.235,18.334,2.340
4,NAVIFIELD,M_8,0,2,Path_NP1_2_B,0,1,5, -1, -1,5,0,2.382,0.142,1.671,-0.198,1.594,1.671,-4.275,18.334,2.315
4,NAVIFIELD,M_8,0,2,Path_NP1_2_B,0,1,5, -1, -1,5,0,2.391,0.141,1.672,-0.200,1.575,1.672,-4.316,18.334,2.291
4,NAVIFIELD,M_8,0,2,Path_NP1_2_B,0,1,5, -1, -1,5,0,2.399,0.140,1.673,-0.203,1.553,1.673,-4.356,18.334,2.269
4,NAVIFIELD,M_8,0,2,Path_NP1_2_B,0,1,5, -1, -1,5,0,2.407,0.139,1.673,-0.205,1.532,1.673,-4.396,18.334,2.246
4,NAVIFIELD,M_8,0,2,Path_NP1_2_B,0,1,5, -1, -1,5,0,2.416,0.138,1.674,-0.207,1.509,1.674,-4.433,18.334,2.226
4,NAVIFIELD,M_8,0,2,Path_NP1_2_B,0,1,5, -1, -1,5,0,2.424,0.137,1.675,-0.209,1.486,1.675,-4.470,18.334,2.208
4,NAVIFIELD,M_8,0,2,Path_NP1_2_B,0,1,5, -1, -1,5,0,2.432,0.135,1.676,-0.211,1.461,1.676,-4.504,18.334,2.192
4,NAVIFIELD,M_8,0,2,Path_NP1_2_B,0,1,5, -1, -1,5,0,2.441,0.134,1.676,-0.213,1.436,1.676,-4.538,18.334,2.176
4,NAVIFIELD,M_8,0,2,Path_NP1_2_B,0,1,5, -1, -1,5,0,2.449,0.132,1.677,-0.214,1.406,1.677,-4.570,18.334,2.165
4,NAVIFIELD,M_8,0,2,Path_NP1_2_B,0,1,5, -1, -1,5,0,2.457,0.131,1.678,-0.216,1.377,1.678,-4.603,18.334,2.152
4,NAVIFIELD,M_8,0,2,Path_NP1_2_B,0,1,5, -1, -1,5,0,2.466,0.129,1.678,-0.218,1.351,1.678,-4.637,18.334,2.138
4,NAVIFIELD,M_8,0,2,Path_NP1_2_B,0,1,5, -1, -1,5,0,2.474,0.128,1.679,-0.220,1.323,1.679,-4.668,18.334,2.125
4,NAVIFIELD,M_8,0,2,Path_NP1_2_B,0,1,5, -1, -1,5,0,2.483,0.126,1.679,-0.222,1.299,1.679,-4.704,18.334,2.108
4,NAVIFIELD,M_8,0,2,Path_NP1_2_B,0,1,5, -1, -1,5,0,2.495,0.125,1.679,-0.223,1.274,1.679,-4.738,18.334,2.092
4,NAVIFIELD,M_8,0,2,Path_NP1_2_B,0,1,5, -1, -1,5,0,2.500,0.124,1.679,-0.225,1.249,1.679,-4.774,18.334,2.075
4,NAVIFIELD,M_8,0,2,Path_NP1_2_B,0,1,5, -1, -1,5,0,2.507,0.122,1.679,-0.227,1.224,1.679,-4.809,18.334,2.058
4,NAVIFIELD,M_8,0,2,Path_NP1_2_B,0,1,5, -1, -1,5,0,2.516,0.121,1.678,-0.229,1.200,1.678,-4.846,18.334,2.040
4,NAVIFIELD,M_8,0,2,Path_NP1_2_B,0,1,5, -1, -1,5,0,2.524,0.120,1.678,-0.231,1.176,1.678,-4.882,18.334,2.022
4,NAVIFIELD,M_8,0,2,Path_NP1_2_B,0,1,5, -1, -1,5,0,2.533,0.118,1.677,-0.233,1.152,1.677,-4.919,18.334,2.003
4,NAVIFIELD,M_8,0,2,Path_NP1_2_B,0,1,5, -1, -1,5,0,2.541,0.117,1.676,-0.235,1.130,1.676,-4.956,18.334,1.984
4,NAVIFIELD,M_8,0,2,Path_NP1_2_B,0,1,5, -1, -1,5,0,2.549,0.116,1.676,-0.237,1.108,1.676,-4.992,18.334,1.965
4,NAVIFIELD,M_8,0,2,Path_NP1_2_B,0,1,5, -1, -1,5,0,2.558,0.115,1.675,-0.239,1.088,1.675,-5.028,18.334,1.945
4,NAVIFIELD,M_8,0,2,Path_NP1_2_B,0,1,5, -1, -1,5,0,2.566,0.114,1.674,-0.241,1.069,1.674,-5.064,18.334,1.925
4,NAVIFIELD,M_8,0,2,Path_NP1_2_B,0,1,5, -1, -1,5,0,2.574,0.113,1.673,-0.243,1.049,1.673,-5.099,18.334,1.906
4,NAVIFIELD,M_8,0,2,Path_NP1_2_B,0,1,5, -1, -1,5,0,2.583,0.112,1.671,-0.245,1.030,1.671,-5.132,18.334,1.888
4,NAVIFIELD,M_8,0,2,Path_NP1_2_B,0,1,5, -1, -1,5,0,2.591,0.111,1.670,-0.247,1.009,1.670,-5.166,18.334,1.870
4,NAVIFIELD,M_8,0,2,Path_NP1_2_B,0,1,5, -1, -1,5,0,2.599,0.109,1.670,-0.249,0.989,1.670,-5.199,18.334,1.853
4,NAVIFIELD,M_8,0,2,Path_NP1_2_B,0,1,5, -1, -1,5,0,2.608,0.108,1.669,-0.250,0.970,1.669,-5.230,18.334,1.836
4,NAVIFIELD,M_8,0,2,Path_NP1_2_B,0,1,5, -1, -1,5,0,2.616,0.107,1.668,-0.252,0.951,1.668,-5.263,18.334,1.818
4,NAVIFIELD,M_8,0,2,Path_NP1_2_B,0,1,5, -1, -1,5,0,2.625,0.106,1.668,-0.254,0.934,1.668,-5.295,18.334,1.800
4,NAVIFIELD,M_8,0,2,Path_NP1_2_B,0,1,5, -1, -1,5,0,2.633,0.106,1.668,-0.256,0.918,1.668,-5.326,18.334,1.782
4,NAVIFIELD,M_8,0,2,Path_NP1_2_B,0,1,5, -1, -1,5,0,2.641,0.105,1.668,-0.257,0.900,1.668,-5.359,18.334,1.764
4,NAVIFIELD,M_8,0,2,Path_NP1_2_B,0,1,5, -1, -1,5,0,2.653,0.104,1.668,-0.259,0.883,1.668,-5.388,18.334,1.748
4,NAVIFIELD,M_8,0,2,Path_NP1_2_B,0,1,5, -1, -1,5,0,2.658,0.103,1.668,-0.261,0.864,1.668,-5.419,18.334,1.731
4,NAVIFIELD,M_8,0,2,Path_NP1_2_B,0,1,5, -1, -1,5,0,2.666,0.102,1.669,-0.262,0.846,1.669,-5.450,18.334,1.715
4,NAVIFIELD,M_8,0,2,Path_NP1_2_B,0,1,5, -1, -1,5,0,2.674,0.101,1.669,-0.264,0.827,1.669,-5.481,18.334,1.699
4,NAVIFIELD,M_8,0,2,Path_NP1_2_B,0,1,5, -1, -1,5,0,2.683,0.100,1.669,-0.266,0.808,1.669,-5.511,18.334,1.683
4,NAVIFIELD,M_8,0,2,Path_NP1_2_B,0,1,5, -1, -1,5,0,2.691,0.099,1.669,-0.267,0.790,1.669,-5.541,18.334,1.667
4,NAVIFIELD,M_8,0,2,Path_NP1_2_B,0,1,5, -1, -1,5,0,2.700,0.098,1.670,-0.269,0.772,1.670,-5.572,18.334,1.650
4,NAVIFIELD,M_8,0,2,Path_NP1_2_B,0,1,5, -1, -1,5,0,2.708,0.097,1.669,-0.271,0.755,1.669,-5.603,18.334,1.633
4,NAVIFIELD,M_8,0,2,Path_NP1_2_B,0,1,5, -1, -1,5,0,2.716,0.096,1.669,-0.272,0.738,1.669,-5.635,18.334,1.616
4,NAVIFIELD,M_8,0,2,Path_NP1_2_B,0,1,5, -1, -1,5,0,2.725,0.095,1.669,-0.274,0.721,1.669,-5.667,18.334,1.597
4,NAVIFIELD,M_8,0,2,Path_NP1_2_B,0,1,5, -1, -1,5,0,2.733,0.094,1.669,-0.276,0.705,1.669,-5.700,18.334,1.578
4,NAVIFIELD,M_8,0,2,Path_NP1_2_B,0,1,5, -1, -1,5,0,2.741,0.093,1.668,-0.278,0.688,1.668,-5.732,18.334,1.559
4,NAVIFIELD,M_8,0,2,Path_NP1_2_B,0,1,5, -1, -1,5,0,2.750,0.092,1.668,-0.280,0.670,1.668,-5.767,18.334,1.540
4,NAVIFIELD,M_8,0,2,Path_NP1_2_B,0,1,5, -1, -1,5,0,2.758,0.091,1.668,-0.282,0.650,1.668,-5.803,18.334,1.519
4,NAVIFIELD,M_8,0,2,Path_NP1_2_B,0,1,5, -1, -1,5,0,2.770,0.090,1.668,-0.283,0.629,1.668,-5.838,18.334,1.501
4,NAVIFIELD,M_8,0,2,Path_NP1_2_B,0,1,5, -1, -1,5,0,2.775,0.089,1.667,-0.285,0.606,1.667,-5.875,18.334,1.482
4,NAVIFIELD,M_8,0,2,Path_NP1_2_B,0,1,5, -1, -1,5,0,2.783,0.087,1.667,-0.287,0.582,1.667,-5.910,18.334,1.465
4,NAVIFIELD,M_8,0,2,Path_NP1_2_B,0,1,5, -1, -1,5,0,2.791,0.086,1.667,-0.289,0.556,1.667,-5.946,18.334,1.448
4,NAVIFIELD,M_8,0,2,Path_NP1_2_B,0,1,5, -1, -1,5,0,2.800,0.084,1.666,-0.291,0.529,1.666,-5.980,18.334,1.433
4,NAVIFIELD,M_8,0,2,Path_NP1_2_B,0,1,5, -1, -1,5,0,2.811,0.083,1.665,-0.293,0.504,1.665,-6.014,18.334,1.418
4,NAVIFIELD,M_8,0,2,Path_NP1_2_B,0,1,5, -1, -1,5,0,2.816,0.082,1.664,-0.295,0.478,1.664,-6.047,18.334,1.403
4,NAVIFIELD,M_8,0,2,Path_NP1_2_B,0,1,5, -1, -1,5,0,2.825,0.080,1.664,-0.297,0.451,1.664,-6.079,18.334,1.391
4,NAVIFIELD,M_8,0,2,Path_NP1_2_B,0,1,5, -1, -1,5,0,2.833,0.079,1.663,-0.298,0.424,1.663,-6.109,18.334,1.379
4,NAVIFIELD,M_8,0,2,Path_NP1_2_B,0,1,5, -1, -1,5,0,2.842,0.077,1.662,-0.300,0.397,1.662,-6.139,18.318,1.368
4,NAVIFIELD,M_8,0,2,Path_NP1_2_B,0,1,5, -1, -1,5,0,2.851,0.076,1.661,-0.301,0.370,1.661,-6.167,17.951,1.359
4,NAVIFIELD,M_8,0,2,Path_NP1_2_B,0,1,5, -1, -1,5,0,2.859,0.074,1.661,-0.303,0.342,1.661,-6.194,17.602,1.351
4,NAVIFIELD,M_8,0,2,Path_NP1_2_B,0,1,5, -1, -1,5,0,2.867,0.073,1.661,-0.304,0.315,1.661,-6.220,17.264,1.343
4,NAVIFIELD,M_8,0,2,Path_NP1_2_B,0,1,5, -1, -1,5,0,2.876,0.071,1.660,-0.306,0.289,1.660,-6.246,16.940,1.335
4,NAVIFIELD,M_8,0,2,Path_NP1_2_B,0,1,5, -1, -1,5,0,2.884,0.069,1.660,-0.307,0.263,1.660,-6.270,16.628,1.328
4,NAVIFIELD,M_8,0,2,Path_NP1_2_B,0,1,5, -1, -1,5,0,2.893,0.068,1.660,-0.309,0.239,1.660,-6.294,16.331,1.320
4,NAVIFIELD,M_8,0,2,Path_NP1_2_B,0,1,5, -1, -1,5,0,2.900,0.066,1.660,-0.310,0.212,1.660,-6.315,16.039,1.317
4,NAVIFIELD,M_8,0,2,Path_NP1_2_B,0,1,5, -1, -1,5,0,2.909,0.065,1.659,-0.312,0.186,1.659,-6.336,15.784,1.313
4,NAVIFIELD,M_8,0,2,Path_NP1_2_B,0,1,5, -1, -1,5,0,2.917,0.063,1.659,-0.313,0.161,1.659,-6.358,15.529,1.308
4,NAVIFIELD,M_8,0,2,Path_NP1_2_B,0,1,5, -1, -1,5,0,2.926,0.061,1.659,-0.314,0.137,1.659,-6.380,15.275,1.302
4,NAVIFIELD,M_8,0,2,Path_NP1_2_B,0,1,5, -1, -1,5,0,2.934,0.060,1.659,-0.316,0.111,1.659,-6.401,15.020,1.297
4,NAVIFIELD,M_8,0,2,Path_NP1_2_B,0,1,5, -1, -1,5,0,2.943,0.058,1.659,-0.317,0.087,1.659,-6.423,14.773,1.291
4,NAVIFIELD,M_8,0,2,Path_NP1_2_B,0,1,5, -1, -1,5,0,2.950,0.057,1.659,-0.319,0.064,1.659,-6.446,14.523,1.284
4,NAVIFIELD,M_8,0,2,Path_NP1_2_B,0,1,5, -1, -1,5,0,2.962,0.055,1.659,-0.321,0.043,1.659,-6.470,14.270,1.275
4,NAVIFIELD,M_8,0,2,Path_NP1_2_B,0,1,5, -1, -1,5,0,2.967,0.054,1.659,-0.322,0.023,1.659,-6.493,14.013,1.266
4,NAVIFIELD,M_8,0,2,Path_NP1_2_B,0,1,5, -1, -1,5,0,2.975,0.052,1.658,-0.324,0.005,1.658,-6.516,13.761,1.256
4,NAVIFIELD,M_8,0,2,Path_NP1_2_B,0,1,5, -1, -1,5,0,2.984,0.051,1.658,-0.325,-0.015,1.658,-6.538,13.518,1.248
4,NAVIFIELD,M_8,0,2,Path_NP1_2_B,0,1,5, -1, -1,5,0,2.992,0.050,1.657,-0.327,-0.031,1.657,-6.558,13.290,1.239
4,NAVIFIELD,M_8,0,2,Path_NP1_2_B,0,1,5, -1, -1,5,0,3.000,0.048,1.656,-0.329,-0.048,1.656,-6.579,13.075,1.231
4,NAVIFIELD,M_8,0,2,Path_NP1_2_B,0,1,5, -1, -1,5,0,3.009,0.047,1.656,-0.330,-0.065,1.656,-6.599,12.863,1.222
4,NAVIFIELD,M_8,0,2,Path_NP1_2_B,0,1,5, -1, -1,5,0,3.017,0.046,1.655,-0.332,-0.080,1.655,-6.622,12.648,1.212
4,NAVIFIELD,M_8,0,2,Path_NP1_2_B,0,1,5, -1, -1,5,0,3.026,0.045,1.654,-0.334,-0.096,1.654,-6.643,12.424,1.202
4,NAVIFIELD,M_8,0,2,Path_NP1_2_B,0,1,5, -1, -1,5,0,3.035,0.043,1.654,-0.335,-0.110,1.654,-6.665,12.210,1.191
4,NAVIFIELD,M_8,0,2,Path_NP1_2_B,0,1,5, -1, -1,5,0,3.042,0.042,1.653,-0.337,-0.125,1.653,-6.688,11.985,1.179
4,NAVIFIELD,M_8,0,2,Path_NP1_2_B,0,1,5, -1, -1,5,0,3.051,0.041,1.653,-0.339,-0.139,1.653,-6.709,11.762,1.169
4,NAVIFIELD,M_8,0,2,Path_NP1_2_B,0,1,5, -1, -1,5,0,3.060,0.040,1.652,-0.341,-0.153,1.652,-6.729,11.553,1.159
4,NAVIFIELD,M_8,0,2,Path_NP1_2_B,0,1,5, -1, -1,5,0,3.068,0.039,1.652,-0.343,-0.167,1.652,-6.748,11.356,1.150
4,NAVIFIELD,M_8,0,2,Path_NP1_2_B,0,1,5, -1, -1,5,0,3.076,0.037,1.651,-0.344,-0.180,1.651,-6.766,11.176,1.142
4,NAVIFIELD,M_8,0,2,Path_NP1_2_B,0,1,5, -1, -1,5,0,3.085,0.036,1.651,-0.346,-0.194,1.651,-6.784,11.007,1.134
4,NAVIFIELD,M_8,0,2,Path_NP1_2_B,0,1,5, -1, -1,5,0,3.092,0.035,1.651,-0.347,-0.207,1.651,-6.801,10.847,1.127
4,NAVIFIELD,M_8,0,2,Path_NP1_2_B,0,1,5, -1, -1,5,0,3.101,0.034,1.651,-0.349,-0.220,1.651,-6.818,10.690,1.119
4,NAVIFIELD,M_8,0,2,Path_NP1_2_B,0,1,5, -1, -1,5,0,3.113,0.032,1.651,-0.351,-0.234,1.651,-6.835,10.537,1.112
4,NAVIFIELD,M_8,0,2,Path_NP1_2_B,0,1,5, -1, -1,5,0,3.117,0.031,1.651,-0.352,-0.246,1.651,-6.851,10.391,1.105
4,NAVIFIELD,M_8,0,2,Path_NP1_2_B,0,1,5, -1, -1,5,0,3.125,0.030,1.651,-0.354,-0.258,1.651,-6.867,10.247,1.097
4,NAVIFIELD,M_8,0,2,Path_NP1_2_B,0,1,5, -1, -1,5,0,3.134,0.029,1.651,-0.355,-0.269,1.651,-6.883,10.107,1.090
4,NAVIFIELD,M_8,0,2,Path_NP1_2_B,0,1,5, -1, -1,5,0,3.142,0.028,1.651,-0.357,-0.280,1.651,-6.899,9.970,1.082
4,NAVIFIELD,M_8,0,2,Path_NP1_2_B,0,1,5, -1, -1,5,0,3.151,0.027,1.651,-0.358,-0.288,1.651,-6.915,9.835,1.074
4,NAVIFIELD,M_8,0,2,Path_NP1_2_B,0,1,5, -1, -1,5,0,3.159,0.026,1.650,-0.360,-0.297,1.650,-6.930,9.700,1.065
4,NAVIFIELD,M_8,0,2,Path_NP1_2_B,0,1,5, -1, -1,5,0,3.167,0.025,1.650,-0.362,-0.305,1.650,-6.945,9.567,1.057
4,NAVIFIELD,M_8,0,2,Path_NP1_2_B,0,1,5, -1, -1,5,0,3.176,0.025,1.650,-0.363,-0.310,1.650,-6.959,9.437,1.047
4,NAVIFIELD,M_8,0,2,Path_NP1_2_B,0,1,5, -1, -1,5,0,3.184,0.024,1.649,-0.365,-0.316,1.649,-6.973,9.307,1.038
4,NAVIFIELD,M_8,0,2,Path_NP1_2_B,0,1,5, -1, -1,5,0,3.192,0.024,1.649,-0.366,-0.319,1.649,-6.987,9.181,1.028
4,NAVIFIELD,M_8,0,2,Path_NP1_2_B,0,1,5, -1, -1,5,0,3.201,0.023,1.648,-0.368,-0.321,1.648,-7.000,9.055,1.018
4,NAVIFIELD,M_8,0,2,Path_NP1_2_B,0,1,5, -1, -1,5,0,3.209,0.023,1.647,-0.369,-0.323,1.647,-7.013,8.928,1.008
4,NAVIFIELD,M_8,0,2,Path_NP1_2_B,0,1,5, -1, -1,5,0,3.217,0.023,1.646,-0.371,-0.322,1.646,-7.026,8.799,0.997
4,NAVIFIELD,M_8,0,2,Path_NP1_2_B,0,1,5, -1, -1,5,0,3.226,0.024,1.645,-0.372,-0.321,1.645,-7.040,8.664,0.984
4,NAVIFIELD,M_8,0,2,Path_NP1_2_B,0,1,5, -1, -1,5,0,3.234,0.024,1.645,-0.374,-0.320,1.645,-7.053,8.525,0.972
4,NAVIFIELD,M_8,0,2,Path_NP1_2_B,0,1,5, -1, -1,5,0,3.242,0.024,1.644,-0.375,-0.318,1.644,-7.067,8.385,0.960
4,NAVIFIELD,M_8,0,2,Path_NP1_2_B,0,1,5, -1, -1,5,0,3.251,0.024,1.644,-0.377,-0.315,1.644,-7.081,8.238,0.946
4,NAVIFIELD,M_8,0,2,Path_NP1_2_B,0,1,5, -1, -1,5,0,3.262,0.025,1.643,-0.379,-0.312,1.643,-7.096,8.085,0.932
4,NAVIFIELD,M_8,0,2,Path_NP1_2_B,0,1,5, -1, -1,5,0,3.267,0.025,1.643,-0.381,-0.308,1.643,-7.110,7.930,0.918
4,NAVIFIELD,M_8,0,2,Path_NP1_2_B,0,1,5, -1, -1,5,0,3.276,0.025,1.642,-0.382,-0.305,1.642,-7.124,7.774,0.905
4,NAVIFIELD,M_8,0,2,Path_NP1_2_B,0,1,5, -1, -1,5,0,3.284,0.026,1.642,-0.384,-0.302,1.642,-7.137,7.628,0.892
4,NAVIFIELD,M_8,0,2,Path_NP1_2_B,0,1,5, -1, -1,5,0,3.292,0.027,1.642,-0.386,-0.297,1.642,-7.150,7.485,0.879
4,NAVIFIELD,M_8,0,2,Path_NP1_2_B,0,1,5, -1, -1,5,0,3.301,0.027,1.641,-0.387,-0.293,1.641,-7.162,7.341,0.866
4,NAVIFIELD,M_8,0,2,Path_NP1_2_B,0,1,5, -1, -1,5,0,3.309,0.028,1.641,-0.389,-0.289,1.641,-7.173,7.209,0.855
4,NAVIFIELD,M_8,0,2,Path_NP1_2_B,0,1,5, -1, -1,5,0,3.317,0.028,1.641,-0.391,-0.284,1.641,-7.184,7.082,0.843
4,NAVIFIELD,M_8,0,2,Path_NP1_2_B,0,1,5, -1, -1,5,0,3.326,0.029,1.640,-0.392,-0.280,1.640,-7.194,6.958,0.832
4,NAVIFIELD,M_8,0,2,Path_NP1_2_B,0,1,5, -1, -1,5,0,3.334,0.030,1.640,-0.394,-0.275,1.640,-7.205,6.835,0.820
4,NAVIFIELD,M_8,0,2,Path_NP1_2_B,0,1,5, -1, -1,5,0,3.343,0.030,1.639,-0.395,-0.271,1.639,-7.216,6.708,0.808
4,NAVIFIELD,M_8,0,2,Path_NP1_2_B,0,1,5, -1, -1,5,0,3.351,0.031,1.639,-0.397,-0.266,1.639,-7.227,6.584,0.797
4,NAVIFIELD,M_8,0,2,Path_NP1_2_B,0,1,5, -1, -1,5,0,3.360,0.032,1.639,-0.399,-0.261,1.639,-7.238,6.459,0.785
4,NAVIFIELD,M_8,0,2,Path_NP1_2_B,0,1,5, -1, -1,5,0,3.367,0.033,1.638,-0.400,-0.256,1.638,-7.249,6.332,0.773
4,NAVIFIELD,M_8,0,2,Path_NP1_2_B,0,1,5, -1, -1,5,0,3.376,0.033,1.638,-0.402,-0.251,1.638,-7.260,6.207,0.761
4,NAVIFIELD,M_8,0,2,Path_NP1_2_B,0,1,5, -1, -1,5,0,3.384,0.034,1.637,-0.404,-0.247,1.637,-7.270,6.080,0.749
4,NAVIFIELD,M_8,0,2,Path_NP1_2_B,0,1,5, -1, -1,5,0,3.393,0.035,1.637,-0.406,-0.242,1.637,-7.281,5.956,0.738
4,NAVIFIELD,M_8,0,2,Path_NP1_2_B,0,1,5, -1, -1,5,0,3.401,0.036,1.636,-0.407,-0.237,1.636,-7.292,5.834,0.726
4,NAVIFIELD,M_8,0,2,Path_NP1_2_B,0,1,5, -1, -1,5,0,3.410,0.037,1.635,-0.409,-0.232,1.635,-7.302,5.711,0.715
4,NAVIFIELD,M_8,0,2,Path_NP1_2_B,0,1,5, -1, -1,5,0,3.421,0.037,1.634,-0.411,-0.227,1.634,-7.312,5.589,0.704
4,NAVIFIELD,M_8,0,2,Path_NP1_2_B,0,1,5, -1, -1,5,0,3.426,0.038,1.633,-0.413,-0.223,1.633,-7.323,5.469,0.692
4,NAVIFIELD,M_8,0,2,Path_NP1_2_B,0,1,5, -1, -1,5,0,3.434,0.039,1.632,-0.415,-0.218,1.632,-7.334,5.345,0.681
4,NAVIFIELD,M_8,0,2,Path_NP1_2_B,0,1,5, -1, -1,5,0,3.443,0.040,1.631,-0.417,-0.213,1.631,-7.344,5.224,0.669
4,NAVIFIELD,M_8,0,2,Path_NP1_2_B,0,1,5, -1, -1,5,0,3.451,0.041,1.630,-0.419,-0.209,1.630,-7.356,5.097,0.657
4,NAVIFIELD,M_8,0,2,Path_NP1_2_B,0,1,5, -1, -1,5,0,3.459,0.042,1.629,-0.421,-0.205,1.629,-7.366,4.971,0.646
4,NAVIFIELD,M_8,0,2,Path_NP1_2_B,0,1,5, -1, -1,5,0,3.468,0.043,1.628,-0.424,-0.201,1.628,-7.377,4.848,0.635
4,NAVIFIELD,M_8,0,2,Path_NP1_2_B,0,1,5, -1, -1,5,0,3.476,0.043,1.627,-0.426,-0.197,1.627,-7.388,4.724,0.623
4,NAVIFIELD,M_8,0,2,Path_NP1_2_B,0,1,5, -1, -1,5,0,3.485,0.044,1.625,-0.429,-0.193,1.625,-7.399,4.598,0.612
4,NAVIFIELD,M_8,0,2,Path_NP1_2_B,0,1,5, -1, -1,5,0,3.493,0.045,1.624,-0.431,-0.189,1.624,-7.410,4.475,0.600
4,NAVIFIELD,M_8,0,2,Path_NP1_2_B,0,1,5, -1, -1,5,0,3.501,0.046,1.622,-0.433,-0.186,1.622,-7.421,4.354,0.590
4,NAVIFIELD,M_8,0,2,Path_NP1_2_B,0,1,5, -1, -1,5,0,3.510,0.047,1.620,-0.436,-0.182,1.620,-7.431,4.237,0.579
4,NAVIFIELD,M_8,0,2,Path_NP1_2_B,0,1,5, -1, -1,5,0,3.518,0.048,1.619,-0.438,-0.178,1.619,-7.441,4.120,0.568
4,NAVIFIELD,M_8,0,2,Path_NP1_2_B,0,1,5, -1, -1,5,0,3.526,0.049,1.617,-0.441,-0.174,1.617,-7.451,4.005,0.558
4,NAVIFIELD,M_8,0,2,Path_NP1_2_B,0,1,5, -1, -1,5,0,3.535,0.050,1.615,-0.443,-0.170,1.615,-7.462,3.888,0.547
4,NAVIFIELD,M_8,0,2,Path_NP1_2_B,0,1,5, -1, -1,5,0,3.543,0.051,1.614,-0.446,-0.166,1.614,-7.472,3.771,0.536
4,NAVIFIELD,M_8,0,2,Path_NP1_2_B,0,1,5, -1, -1,5,0,3.551,0.052,1.612,-0.449,-0.162,1.612,-7.482,3.656,0.525
4,NAVIFIELD,M_8,0,2,Path_NP1_2_B,0,1,5, -1, -1,5,0,3.560,0.053,1.611,-0.452,-0.158,1.611,-7.492,3.538,0.514
4,NAVIFIELD,M_8,0,2,Path_NP1_2_B,0,1,5, -1, -1,5,0,3.571,0.054,1.609,-0.455,-0.154,1.609,-7.502,3.420,0.504
4,NAVIFIELD,M_8,0,2,Path_NP1_2_B,0,1,5, -1, -1,5,0,3.577,0.055,1.608,-0.458,-0.151,1.608,-7.512,3.308,0.494
4,NAVIFIELD,M_8,0,2,Path_NP1_2_B,0,1,5, -1, -1,5,0,3.585,0.056,1.606,-0.461,-0.147,1.606,-7.521,3.197,0.484
4,NAVIFIELD,M_8,0,2,Path_NP1_2_B,0,1,5, -1, -1,5,0,3.593,0.057,1.605,-0.464,-0.144,1.605,-7.531,3.092,0.475
4,NAVIFIELD,M_8,0,2,Path_NP1_2_B,0,1,5, -1, -1,5,0,3.601,0.058,1.603,-0.466,-0.141,1.603,-7.539,2.991,0.466
4,NAVIFIELD,M_8,0,2,Path_NP1_2_B,0,1,5, -1, -1,5,0,3.610,0.059,1.602,-0.469,-0.138,1.602,-7.548,2.895,0.457
4,NAVIFIELD,M_8,0,2,Path_NP1_2_B,0,1,5, -1, -1,5,0,3.618,0.060,1.600,-0.472,-0.135,1.600,-7.556,2.799,0.448
4,NAVIFIELD,M_8,0,2,Path_NP1_2_B,0,1,5, -1, -1,5,0,3.626,0.061,1.599,-0.475,-0.133,1.599,-7.564,2.706,0.440
4,NAVIFIELD,M_8,0,2,Path_NP1_2_B,0,1,5, -1, -1,5,0,3.635,0.062,1.598,-0.479,-0.130,1.598,-7.572,2.612,0.431
4,NAVIFIELD,M_8,0,2,Path_NP1_2_B,0,1,5, -1, -1,5,0,3.643,0.064,1.597,-0.482,-0.127,1.597,-7.581,2.517,0.423
4,NAVIFIELD,M_8,0,2,Path_NP1_2_B,0,1,5, -1, -1,5,0,3.651,0.065,1.596,-0.485,-0.124,1.596,-7.589,2.423,0.414
4,NAVIFIELD,M_8,0,2,Path_NP1_2_B,0,1,5, -1, -1,5,0,3.660,0.066,1.595,-0.489,-0.122,1.595,-7.597,2.331,0.406
4,NAVIFIELD,M_8,0,2,Path_NP1_2_B,0,1,5, -1, -1,5,0,3.668,0.067,1.594,-0.492,-0.120,1.594,-7.605,2.242,0.398
4,NAVIFIELD,M_8,0,2,Path_NP1_2_B,0,1,5, -1, -1,5,0,3.676,0.068,1.593,-0.495,-0.117,1.593,-7.612,2.159,0.391
4,NAVIFIELD,M_8,0,2,Path_NP1_2_B,0,1,5, -1, -1,5,0,3.685,0.069,1.592,-0.499,-0.115,1.592,-7.618,2.082,0.385
4,NAVIFIELD,M_8,0,2,Path_NP1_2_B,0,1,5, -1, -1,5,0,3.693,0.070,1.590,-0.502,-0.113,1.590,-7.625,2.009,0.378
4,NAVIFIELD,M_8,0,2,Path_NP1_2_B,0,1,5, -1, -1,5,0,3.702,0.071,1.589,-0.505,-0.111,1.589,-7.631,1.937,0.372
4,NAVIFIELD,M_8,0,2,Path_NP1_2_B,0,1,5, -1, -1,5,0,3.710,0.072,1.588,-0.508,-0.109,1.588,-7.637,1.868,0.366
4,NAVIFIELD,M_8,0,2,Path_NP1_2_B,0,1,5, -1, -1,5,0,3.722,0.073,1.587,-0.511,-0.107,1.587,-7.643,1.801,0.360
4,NAVIFIELD,M_8,0,2,Path_NP1_2_B,0,1,5, -1, -1,5,0,3.726,0.074,1.586,-0.515,-0.105,1.586,-7.648,1.736,0.354
4,NAVIFIELD,M_8,0,2,Path_NP1_2_B,0,1,5, -1, -1,5,0,3.735,0.075,1.585,-0.518,-0.103,1.585,-7.654,1.673,0.348
4,NAVIFIELD,M_8,0,2,Path_NP1_2_B,0,1,5, -1, -1,5,0,3.743,0.076,1.584,-0.521,-0.102,1.584,-7.659,1.613,0.343
4,NAVIFIELD,M_8,0,2,Path_NP1_2_B,0,1,5, -1, -1,5,0,3.751,0.077,1.582,-0.524,-0.100,1.582,-7.664,1.555,0.338
4,NAVIFIELD,M_8,0,2,Path_NP1_2_B,0,1,5, -1, -1,5,0,3.760,0.078,1.581,-0.528,-0.099,1.581,-7.669,1.499,0.333
4,NAVIFIELD,M_8,0,2,Path_NP1_2_B,0,1,5, -1, -1,5,0,3.768,0.079,1.580,-0.531,-0.097,1.580,-7.674,1.445,0.328
4,NAVIFIELD,M_8,0,2,Path_NP1_2_B,0,1,5, -1, -1,5,0,3.776,0.080,1.579,-0.534,-0.096,1.579,-7.678,1.393,0.324
4,NAVIFIELD,M_8,0,2,Path_NP1_2_B,0,1,5, -1, -1,5,0,3.785,0.082,1.578,-0.537,-0.094,1.578,-7.682,1.342,0.319
4,NAVIFIELD,M_8,0,2,Path_NP1_2_B,0,1,5, -1, -1,5,0,3.793,0.083,1.580,-0.541,-0.093,1.580,-7.688,1.285,0.314
4,NAVIFIELD,M_8,0,2,Path_NP1_2_B,0,1,5, -1, -1,5,0,3.801,0.084,1.580,-0.544,-0.091,1.580,-7.691,1.239,0.310
4,NAVIFIELD,M_8,0,2,Path_NP1_2_B,0,1,5, -1, -1,5,0,3.810,0.085,1.579,-0.548,-0.090,1.579,-7.695,1.194,0.306
4,NAVIFIELD,M_8,0,2,Path_NP1_2_B,0,1,5, -1, -1,5,0,3.818,0.086,1.578,-0.551,-0.088,1.578,-7.699,1.152,0.302
4,NAVIFIELD,M_8,0,2,Path_NP1_2_B,0,1,5, -1, -1,5,0,3.827,0.088,1.578,-0.554,-0.087,1.578,-7.702,1.111,0.299
4,NAVIFIELD,M_8,0,2,Path_NP1_2_B,0,1,5, -1, -1,5,0,3.835,0.089,1.577,-0.557,-0.086,1.577,-7.706,1.072,0.295
4,NAVIFIELD,M_8,0,2,Path_NP1_2_B,0,1,5, -1, -1,5,0,3.843,0.090,1.576,-0.560,-0.084,1.576,-7.709,1.036,0.292
4,NAVIFIELD,M_8,0,2,Path_NP1_2_B,0,1,5, -1, -1,5,0,3.852,0.091,1.576,-0.563,-0.083,1.576,-7.712,1.001,0.289
4,NAVIFIELD,M_8,0,2,Path_NP1_2_B,0,1,5, -1, -1,5,0,3.861,0.092,1.575,-0.566,-0.082,1.575,-7.715,1.000,0.286
4,NAVIFIELD,M_8,0,2,Path_NP1_2_B,0,1,5, -1, -1,5,4,0.012,0.093,1.574,-0.569,-0.081,1.574,-7.718,1.000,0.002
4,NAVIFIELD,M_8,0,2,Path_NP1_2_B,0,1,5, -1, -1,5,4,0.019,0.094,1.574,-0.572,-0.080,1.574,-7.720,1.000,0.005
4,NAVIFIELD,M_8,0,2,Path_NP1_2_B,0,1,5, -1, -1,5,4,0.025,0.095,1.573,-0.574,-0.079,1.573,-7.723,1.000,0.007
4,NAVIFIELD,M_8,0,2,Path_NP1_2_B,0,1,5, -1, -1,5,4,0.034,0.097,1.573,-0.577,-0.078,1.573,-7.726,1.000,0.009
4,NAVIFIELD,M_8,0,2,Path_NP1_2_B,0,1,5, -1, -1,5,4,0.043,0.098,1.572,-0.580,-0.077,1.572,-7.728,1.000,0.012
4,NAVIFIELD,M_8,0,2,Path_NP1_2_B,0,1,5, -1, -1,5,4,0.050,0.099,1.572,-0.582,-0.076,1.572,-7.731,1.000,0.014
4,NAVIFIELD,M_8,0,2,Path_NP1_2_B,0,1,5, -1, -1,5,4,0.058,0.100,1.571,-0.584,-0.075,1.571,-7.733,1.000,0.016
4,NAVIFIELD,M_8,0,2,Path_NP1_2_B,0,1,5, -1, -1,5,4,0.067,0.101,1.570,-0.586,-0.074,1.570,-7.735,1.000,0.018
4,NAVIFIELD,M_8,0,2,Path_NP1_2_B,0,1,5, -1, -1,5,4,0.075,0.102,1.570,-0.589,-0.073,1.570,-7.737,1.000,0.020
4,NAVIFIELD,M_8,0,2,Path_NP1_2_B,0,1,5, -1, -1,5,4,0.084,0.103,1.569,-0.590,-0.072,1.569,-7.739,1.000,0.022
4,NAVIFIELD,M_8,0,2,Path_NP1_2_B,0,1,5, -1, -1,5,4,0.092,0.104,1.569,-0.592,-0.070,1.569,-7.741,1.000,0.024
4,NAVIFIELD,M_8,0,2,Path_NP1_2_B,0,1,5, -1, -1,5,4,0.100,0.105,1.568,-0.594,-0.069,1.568,-7.743,1.000,0.025
4,NAVIFIELD,M_8,0,2,Path_NP1_2_B,0,1,5, -1, -1,5,4,0.108,0.106,1.568,-0.596,-0.068,1.568,-7.745,1.000,0.027
4,NAVIFIELD,M_8,0,2,Path_NP1_2_B,0,1,5, -1, -1,5,4,0.117,0.107,1.567,-0.597,-0.067,1.567,-7.746,1.000,0.029
4,NAVIFIELD,M_8,0,2,Path_NP1_2_B,0,1,5, -1, -1,5,4,0.125,0.108,1.567,-0.599,-0.066,1.567,-7.747,1.000,0.030
4,NAVIFIELD,M_8,0,2,Path_NP1_2_B,0,1,5, -1, -1,5,4,0.133,0.109,1.566,-0.600,-0.065,1.566,-7.749,1.000,0.032
4,NAVIFIELD,M_8,0,2,Path_NP1_2_B,0,1,5, -1, -1,5,4,0.142,0.110,1.566,-0.601,-0.064,1.566,-7.750,1.000,0.034
4,NAVIFIELD,M_8,0,2,Path_NP1_2_B,0,1,5, -1, -1,5,4,0.150,0.112,1.565,-0.602,-0.063,1.565,-7.751,1.000,0.035
4,NAVIFIELD,M_8,0,2,Path_NP1_2_B,0,1,5, -1, -1,5,4,0.164,0.113,1.565,-0.602,-0.062,1.565,-7.751,1.000,0.036
4,NAVIFIELD,M_8,0,2,Path_NP1_2_B,0,1,5, -1, -1,5,4,0.169,0.114,1.564,-0.603,-0.061,1.564,-7.751,1.000,0.037
4,NAVIFIELD,M_8,0,2,Path_NP1_2_B,0,1,5, -1, -1,5,4,0.175,0.115,1.564,-0.603,-0.059,1.564,-7.752,1.000,0.039
4,NAVIFIELD,M_8,0,2,Path_NP1_2_B,0,1,5, -1, -1,5,4,0.184,0.116,1.563,-0.603,-0.058,1.563,-7.752,1.000,0.040
4,NAVIFIELD,M_8,0,2,Path_NP1_2_B,0,1,5, -1, -1,5,4,0.192,0.118,1.563,-0.603,-0.057,1.563,-7.752,1.000,0.041
4,NAVIFIELD,M_8,0,2,Path_NP1_2_B,0,1,5, -1, -1,5,4,0.201,0.119,1.562,-0.603,-0.055,1.562,-7.752,1.000,0.042
4,NAVIFIELD,M_8,0,2,Path_NP1_2_B,0,1,5, -1, -1,5,4,0.209,0.120,1.562,-0.603,-0.054,1.562,-7.752,1.000,0.043
4,NAVIFIELD,M_8,0,2,Path_NP1_2_B,0,1,5, -1, -1,5,4,0.217,0.122,1.562,-0.602,-0.053,1.562,-7.751,1.000,0.044
4,NAVIFIELD,M_8,0,2,Path_NP1_2_B,0,1,5, -1, -1,5,4,0.226,0.123,1.562,-0.601,-0.051,1.562,-7.750,1.000,0.045
4,NAVIFIELD,M_8,0,2,Path_NP1_2_B,0,1,5, -1, -1,5,4,0.234,0.125,1.561,-0.601,-0.050,1.561,-7.749,1.000,0.046
4,NAVIFIELD,M_8,0,2,Path_NP1_2_B,0,1,5, -1, -1,5,4,0.242,0.126,1.561,-0.600,-0.048,1.561,-7.748,1.000,0.047
4,NAVIFIELD,M_8,0,2,Path_NP1_2_B,0,1,5, -1, -1,5,4,0.251,0.128,1.561,-0.598,-0.046,1.561,-7.747,1.000,0.048
4,NAVIFIELD,M_8,0,2,Path_NP1_2_B,0,1,5, -1, -1,5,4,0.259,0.130,1.561,-0.597,-0.045,1.561,-7.746,1.000,0.048
4,NAVIFIELD,M_8,0,2,Path_NP1_2_B,0,1,5, -1, -1,5,4,0.267,0.132,1.561,-0.595,-0.043,1.561,-7.744,1.000,0.049
4,NAVIFIELD,M_8,0,2,Path_NP1_2_B,0,1,5, -1, -1,5,4,0.276,0.133,1.560,-0.593,-0.041,1.560,-7.742,1.000,0.049
4,NAVIFIELD,M_8,0,2,Path_NP1_2_B,0,1,5, -1, -1,5,4,0.284,0.135,1.560,-0.591,-0.039,1.560,-7.740,1.000,0.050
4,NAVIFIELD,M_8,0,2,Path_NP1_2_B,0,1,5, -1, -1,5,4,0.292,0.137,1.560,-0.589,-0.037,1.560,-7.738,1.000,0.050
4,NAVIFIELD,M_8,0,2,Path_NP1_2_B,0,1,5, -1, -1,5,4,0.301,0.139,1.560,-0.586,-0.035,1.560,-7.735,1.000,0.051
4,NAVIFIELD,M_8,0,2,Path_NP1_2_B,0,1,5, -1, -1,5,4,0.309,0.141,1.559,-0.583,-0.033,1.559,-7.732,1.000,0.051
4,NAVIFIELD,M_8,0,2,Path_NP1_2_B,0,1,5, -1, -1,5,4,0.317,0.143,1.559,-0.580,-0.031,1.559,-7.729,1.000,0.051
4,NAVIFIELD,M_8,0,2,Path_NP1_2_B,0,1,5, -1, -1,5,4,0.326,0.145,1.558,-0.577,-0.029,1.558,-7.726,1.000,0.051
4,NAVIFIELD,M_8,0,2,Path_NP1_2_B,0,1,5, -1, -1,5,4,0.334,0.147,1.558,-0.573,-0.027,1.558,-7.722,1.000,0.051
4,NAVIFIELD,M_8,0,2,Path_NP1_2_B,0,1,5, -1, -1,5,4,0.343,0.149,1.557,-0.570,-0.025,1.557,-7.719,1.000,0.051
4,NAVIFIELD,M_8,0,2,Path_NP1_2_B,0,1,5, -1, -1,5,4,0.351,0.151,1.557,-0.566,-0.023,1.557,-7.715,1.000,0.051
4,NAVIFIELD,M_8,0,2,Path_NP1_2_B,0,1,5, -1, -1,5,4,0.359,0.153,1.557,-0.562,-0.021,1.557,-7.711,1.000,0.050
4,NAVIFIELD,M_8,0,2,Path_NP1_2_B,0,1,5, -1, -1,5,4,0.367,0.155,1.557,-0.558,-0.019,1.557,-7.707,1.000,0.050
4,NAVIFIELD,M_8,0,2,Path_NP1_2_B,0,1,5, -1, -1,5,4,0.376,0.157,1.556,-0.554,-0.017,1.556,-7.703,1.000,0.050
4,NAVIFIELD,M_8,0,2,Path_NP1_2_B,0,1,5, -1, -1,5,4,0.384,0.159,1.556,-0.550,-0.015,1.556,-7.699,1.012,0.049
4,NAVIFIELD,M_8,0,2,Path_NP1_2_B,0,1,5, -1, -1,5,4,0.392,0.161,1.556,-0.546,-0.013,1.556,-7.695,1.053,0.049
4,NAVIFIELD,M_8,0,2,Path_NP1_2_B,0,1,5, -1, -1,5,4,0.401,0.163,1.556,-0.542,-0.011,1.556,-7.690,1.099,0.048
4,NAVIFIELD,M_8,0,2,Path_NP1_2_B,0,1,5, -1, -1,5,4,0.409,0.164,1.556,-0.538,-0.009,1.556,-7.685,1.149,0.047
4,NAVIFIELD,M_8,0,2,Path_NP1_2_B,0,1,5, -1, -1,5,4,0.418,0.166,1.557,-0.534,-0.007,1.557,-7.680,1.201,0.046
4,NAVIFIELD,M_8,0,2,Path_NP1_2_B,0,1,5, -1, -1,5,4,0.426,0.168,1.557,-0.529,-0.005,1.557,-7.674,1.258,0.045
4,NAVIFIELD,M_8,0,2,Path_NP1_2_B,0,1,5, -1, -1,5,4,0.434,0.169,1.557,-0.525,-0.003,1.557,-7.669,1.316,0.044
4,NAVIFIELD,M_8,0,2,Path_NP1_2_B,0,1,5, -1, -1,5,4,0.443,0.171,1.557,-0.520,-0.001,1.557,-7.662,1.380,0.043
4,NAVIFIELD,M_8,0,2,Path_NP1_2_B,0,1,5, -1, -1,5,4,0.451,0.172,1.557,-0.515,0.001,1.557,-7.655,1.453,0.041
4,NAVIFIELD,M_8,0,2,Path_NP1_2_B,0,1,5, -1, -1,5,4,0.463,0.174,1.558,-0.510,0.004,1.558,-7.648,1.528,0.039
4,NAVIFIELD,M_8,0,2,Path_NP1_2_B,0,1,5, -1, -1,5,4,0.468,0.175,1.558,-0.505,0.006,1.558,-7.640,1.608,0.037
4,NAVIFIELD,M_8,0,2,Path_NP1_2_B,0,1,5, -1, -1,5,4,0.476,0.177,1.559,-0.500,0.008,1.559,-7.630,1.699,0.034
4,NAVIFIELD,M_8,0,2,Path_NP1_2_B,0,1,5, -1, -1,5,4,0.485,0.178,1.559,-0.495,0.011,1.559,-7.621,1.792,0.032
4,NAVIFIELD,M_8,0,2,Path_NP1_2_B,0,1,5, -1, -1,5,4,0.493,0.179,1.560,-0.489,0.013,1.560,-7.611,1.890,0.028
4,NAVIFIELD,M_8,0,2,Path_NP1_2_B,0,1,5, -1, -1,5,4,0.502,0.180,1.561,-0.484,0.015,1.561,-7.601,1.994,0.025
4,NAVIFIELD,M_8,0,2,Path_NP1_2_B,0,1,5, -1, -1,5,4,0.509,0.181,1.562,-0.479,0.017,1.562,-7.590,2.103,0.021
4,NAVIFIELD,M_8,0,2,Path_NP1_2_B,0,1,5, -1, -1,5,4,0.518,0.182,1.563,-0.474,0.019,1.563,-7.579,2.220,0.017
4,NAVIFIELD,M_8,0,2,Path_NP1_2_B,0,1,5, -1, -1,5,4,0.526,0.183,1.564,-0.469,0.020,1.564,-7.566,2.343,0.011
4,NAVIFIELD,M_8,0,2,Path_NP1_2_B,0,1,5, -1, -1,5,4,0.534,0.183,1.566,-0.463,0.020,1.566,-7.553,2.475,0.005
4,NAVIFIELD,M_8,0,2,Path_NP1_2_B,0,1,5, -1, -1,5,4,0.543,0.183,1.567,-0.458,0.022,1.567,-7.540,2.612,0.001
4,NAVIFIELD,M_8,0,2,Path_NP1_2_B,0,1,5, -1, -1,5,4,0.551,0.183,1.568,-0.453,0.022,1.568,-7.526,2.754,0.008
4,NAVIFIELD,M_8,0,2,Path_NP1_2_B,0,1,5, -1, -1,5,4,0.560,0.183,1.570,-0.448,0.021,1.570,-7.511,2.904,0.016
4,NAVIFIELD,M_8,0,2,Path_NP1_2_B,0,1,5, -1, -1,5,4,0.568,0.183,1.572,-0.443,0.020,1.572,-7.496,3.060,0.025
4,NAVIFIELD,M_8,0,2,Path_NP1_2_B,0,1,5, -1, -1,5,4,0.576,0.183,1.574,-0.438,0.019,1.574,-7.479,3.222,0.034
4,NAVIFIELD,M_8,0,2,Path_NP1_2_B,0,1,5, -1, -1,5,4,0.585,0.182,1.575,-0.433,0.018,1.575,-7.462,3.392,0.044
4,NAVIFIELD,M_8,0,2,Path_NP1_2_B,0,1,5, -1, -1,5,4,0.593,0.182,1.577,-0.428,0.016,1.577,-7.445,3.570,0.054
4,NAVIFIELD,M_8,0,2,Path_NP1_2_B,0,1,5, -1, -1,5,4,0.602,0.181,1.579,-0.423,0.015,1.579,-7.427,3.754,0.065
4,NAVIFIELD,M_8,0,2,Path_NP1_2_B,0,1,5, -1, -1,5,4,0.614,0.181,1.581,-0.419,0.013,1.581,-7.408,3.943,0.075
4,NAVIFIELD,M_8,0,2,Path_NP1_2_B,0,1,5, -1, -1,5,4,0.618,0.181,1.583,-0.414,0.012,1.583,-7.389,4.139,0.086
4,NAVIFIELD,M_8,0,2,Path_NP1_2_B,0,1,5, -1, -1,5,4,0.626,0.181,1.585,-0.409,0.012,1.585,-7.370,4.341,0.097
4,NAVIFIELD,M_8,0,2,Path_NP1_2_B,0,1,5, -1, -1,5,4,0.635,0.181,1.588,-0.405,0.012,1.588,-7.349,4.546,0.107
4,NAVIFIELD,M_8,0,2,Path_NP1_2_B,0,1,5, -1, -1,5,4,0.644,0.181,1.590,-0.401,0.013,1.590,-7.329,4.759,0.117
4,NAVIFIELD,M_8,0,2,Path_NP1_2_B,0,1,5, -1, -1,5,4,0.651,0.181,1.592,-0.396,0.014,1.592,-7.308,4.974,0.126
4,NAVIFIELD,M_8,0,2,Path_NP1_2_B,0,1,5, -1, -1,5,4,0.660,0.181,1.594,-0.392,0.016,1.594,-7.285,5.198,0.137
4,NAVIFIELD,M_8,0,2,Path_NP1_2_B,0,1,5, -1, -1,5,4,0.668,0.182,1.596,-0.388,0.017,1.596,-7.263,5.434,0.147
4,NAVIFIELD,M_8,0,2,Path_NP1_2_B,0,1,5, -1, -1,5,4,0.676,0.182,1.599,-0.384,0.019,1.599,-7.239,5.674,0.157
4,NAVIFIELD,M_8,0,2,Path_NP1_2_B,0,1,5, -1, -1,5,4,0.685,0.182,1.600,-0.380,0.021,1.600,-7.216,5.924,0.168
4,NAVIFIELD,M_8,0,2,Path_NP1_2_B,0,1,5, -1, -1,5,4,0.693,0.183,1.602,-0.376,0.023,1.602,-7.190,6.175,0.179
4,NAVIFIELD,M_8,0,2,Path_NP1_2_B,0,1,5, -1, -1,5,4,0.702,0.183,1.604,-0.372,0.025,1.604,-7.164,6.445,0.191
4,NAVIFIELD,M_8,0,2,Path_NP1_2_B,0,1,5, -1, -1,5,4,0.710,0.183,1.606,-0.368,0.027,1.606,-7.137,6.724,0.203
4,NAVIFIELD,M_8,0,2,Path_NP1_2_B,0,1,5, -1, -1,5,4,0.719,0.183,1.607,-0.363,0.029,1.607,-7.108,7.012,0.217
4,NAVIFIELD,M_8,0,2,Path_NP1_2_B,0,1,5, -1, -1,5,4,0.726,0.183,1.609,-0.359,0.029,1.609,-7.078,7.319,0.232
4,NAVIFIELD,M_8,0,2,Path_NP1_2_B,0,1,5, -1, -1,5,4,0.735,0.184,1.610,-0.355,0.029,1.610,-7.048,7.630,0.247
4,NAVIFIELD,M_8,0,2,Path_NP1_2_B,0,1,5, -1, -1,5,4,0.743,0.184,1.611,-0.351,0.031,1.611,-7.017,7.947,0.262
4,NAVIFIELD,M_8,0,2,Path_NP1_2_B,0,1,5, -1, -1,5,4,0.752,0.184,1.613,-0.348,0.033,1.613,-6.984,8.281,0.277
4,NAVIFIELD,M_8,0,2,Path_NP1_2_B,0,1,5, -1, -1,5,4,0.763,0.184,1.614,-0.344,0.035,1.614,-6.950,8.623,0.292
4,NAVIFIELD,M_8,0,2,Path_NP1_2_B,0,1,5, -1, -1,5,4,0.768,0.184,1.615,-0.340,0.036,1.615,-6.914,8.984,0.309
4,NAVIFIELD,M_8,0,2,Path_NP1_2_B,0,1,5, -1, -1,5,4,0.777,0.185,1.616,-0.336,0.038,1.616,-6.876,9.367,0.328
4,NAVIFIELD,M_8,0,2,Path_NP1_2_B,0,1,5, -1, -1,5,4,0.785,0.185,1.618,-0.331,0.039,1.618,-6.836,9.769,0.347
4,NAVIFIELD,M_8,0,2,Path_NP1_2_B,0,1,5, -1, -1,5,4,0.793,0.185,1.619,-0.327,0.041,1.619,-6.793,10.197,0.367
4,NAVIFIELD,M_8,0,2,Path_NP1_2_B,0,1,5, -1, -1,5,4,0.802,0.185,1.620,-0.323,0.043,1.620,-6.748,10.654,0.389
4,NAVIFIELD,M_8,0,2,Path_NP1_2_B,0,1,5, -1, -1,5,4,0.810,0.185,1.621,-0.319,0.045,1.621,-6.699,11.136,0.413
4,NAVIFIELD,M_8,0,2,Path_NP1_2_B,0,1,5, -1, -1,5,4,0.818,0.185,1.622,-0.314,0.048,1.622,-6.647,11.656,0.437
4,NAVIFIELD,M_8,0,2,Path_NP1_2_B,0,1,5, -1, -1,5,4,0.827,0.186,1.623,-0.310,0.051,1.623,-6.593,12.200,0.462
4,NAVIFIELD,M_8,0,2,Path_NP1_2_B,0,1,5, -1, -1,5,4,0.835,0.186,1.624,-0.305,0.054,1.624,-6.535,12.774,0.489
4,NAVIFIELD,M_8,0,2,Path_NP1_2_B,0,1,5, -1, -1,5,4,0.844,0.186,1.625,-0.301,0.058,1.625,-6.474,13.389,0.517
4,NAVIFIELD,M_8,0,2,Path_NP1_2_B,0,1,5, -1, -1,5,4,0.852,0.187,1.626,-0.296,0.062,1.626,-6.410,14.040,0.546
4,NAVIFIELD,M_8,0,2,Path_NP1_2_B,0,1,5, -1, -1,5,4,0.860,0.187,1.626,-0.291,0.066,1.626,-6.340,14.716,0.578
4,NAVIFIELD,M_8,0,2,Path_NP1_2_B,0,1,5, -1, -1,5,4,0.869,0.187,1.627,-0.287,0.070,1.627,-6.267,15.456,0.613
4,NAVIFIELD,M_8,0,2,Path_NP1_2_B,0,1,5, -1, -1,5,4,0.877,0.187,1.627,-0.282,0.075,1.627,-6.189,16.237,0.649
4,NAVIFIELD,M_8,0,2,Path_NP1_2_B,0,1,5, -1, -1,5,4,0.885,0.188,1.628,-0.277,0.080,1.628,-6.107,17.058,0.687
4,NAVIFIELD,M_8,0,2,Path_NP1_2_B,0,1,5, -1, -1,5,4,0.894,0.188,1.628,-0.272,0.085,1.628,-6.021,17.936,0.727
4,NAVIFIELD,M_8,0,2,Path_NP1_2_B,0,1,5, -1, -1,5,4,0.902,0.188,1.628,-0.267,0.092,1.628,-5.929,18.334,0.767
4,NAVIFIELD,M_8,0,2,Path_NP1_2_B,0,1,5, -1, -1,5,4,0.914,0.189,1.628,-0.262,0.103,1.628,-5.836,18.334,0.806
4,NAVIFIELD,M_8,0,2,Path_NP1_2_B,0,1,5, -1, -1,5,4,0.919,0.189,1.628,-0.257,0.114,1.628,-5.745,18.334,0.843
4,NAVIFIELD,M_8,0,2,Path_NP1_2_B,0,1,5, -1, -1,5,4,0.927,0.190,1.629,-0.252,0.127,1.629,-5.654,18.334,0.878
4,NAVIFIELD,M_8,0,2,Path_NP1_2_B,0,1,5, -1, -1,5,4,0.936,0.191,1.629,-0.247,0.142,1.629,-5.563,18.334,0.912
4,NAVIFIELD,M_8,0,2,Path_NP1_2_B,0,1,5, -1, -1,5,4,0.944,0.192,1.629,-0.242,0.156,1.629,-5.474,18.334,0.947
4,NAVIFIELD,M_8,0,2,Path_NP1_2_B,0,1,5, -1, -1,5,4,0.952,0.193,1.629,-0.237,0.174,1.629,-5.382,18.334,0.978
4,NAVIFIELD,M_8,0,2,Path_NP1_2_B,0,1,5, -1, -1,5,4,0.960,0.194,1.630,-0.232,0.191,1.630,-5.292,18.334,1.010
4,NAVIFIELD,M_8,0,2,Path_NP1_2_B,0,1,5, -1, -1,5,4,0.969,0.195,1.630,-0.228,0.209,1.630,-5.203,18.334,1.040
4,NAVIFIELD,M_8,0,2,Path_NP1_2_B,0,1,5, -1, -1,5,4,0.977,0.196,1.630,-0.223,0.226,1.630,-5.114,18.334,1.071
4,NAVIFIELD,M_8,0,2,Path_NP1_2_B,0,1,5, -1, -1,5,4,0.985,0.197,1.630,-0.218,0.244,1.630,-5.025,18.334,1.101
4,NAVIFIELD,M_8,0,2,Path_NP1_2_B,0,1,5, -1, -1,5,4,0.994,0.198,1.630,-0.213,0.264,1.630,-4.936,18.334,1.130
4,NAVIFIELD,M_8,0,2,Path_NP1_2_B,0,1,5, -1, -1,5,4,1.002,0.199,1.629,-0.208,0.285,1.629,-4.848,18.334,1.157
4,NAVIFIELD,M_8,0,2,Path_NP1_2_B,0,1,5, -1, -1,5,4,1.010,0.200,1.629,-0.203,0.306,1.629,-4.760,18.334,1.184
4,NAVIFIELD,M_8,0,2,Path_NP1_2_B,0,1,5, -1, -1,5,4,1.019,0.201,1.629,-0.199,0.331,1.629,-4.671,18.334,1.208
4,NAVIFIELD,M_8,0,2,Path_NP1_2_B,0,1,5, -1, -1,5,4,1.027,0.203,1.629,-0.194,0.355,1.629,-4.583,18.334,1.234
4,NAVIFIELD,M_8,0,2,Path_NP1_2_B,0,1,5, -1, -1,5,4,1.036,0.204,1.629,-0.189,0.381,1.629,-4.493,18.334,1.257
4,NAVIFIELD,M_8,0,2,Path_NP1_2_B,0,1,5, -1, -1,5,4,1.045,0.205,1.629,-0.184,0.406,1.629,-4.403,18.334,1.281
4,NAVIFIELD,M_8,0,2,Path_NP1_2_B,0,1,5, -1, -1,5,4,1.053,0.207,1.628,-0.179,0.433,1.628,-4.313,18.334,1.304
4,NAVIFIELD,M_8,0,2,Path_NP1_2_B,0,1,5, -1, -1,5,4,1.064,0.209,1.628,-0.174,0.464,1.628,-4.222,18.334,1.325
4,NAVIFIELD,M_8,0,2,Path_NP1_2_B,0,1,5, -1, -1,5,4,1.069,0.210,1.628,-0.169,0.493,1.628,-4.132,18.334,1.346
4,NAVIFIELD,M_8,0,2,Path_NP1_2_B,0,1,5, -1, -1,5,4,1.078,0.212,1.627,-0.164,0.524,1.627,-4.041,18.334,1.366
4,NAVIFIELD,M_8,0,2,Path_NP1_2_B,0,1,5, -1, -1,5,4,1.086,0.214,1.627,-0.159,0.557,1.627,-3.951,18.334,1.384
4,NAVIFIELD,M_8,0,2,Path_NP1_2_B,0,1,5, -1, -1,5,4,1.094,0.215,1.627,-0.154,0.589,1.627,-3.861,18.334,1.403
4,NAVIFIELD,M_8,0,2,Path_NP1_2_B,0,1,5, -1, -1,5,4,1.103,0.217,1.626,-0.149,0.623,1.626,-3.771,18.334,1.420
4,NAVIFIELD,M_8,0,2,Path_NP1_2_B,0,1,5, -1, -1,5,4,1.111,0.219,1.626,-0.144,0.657,1.626,-3.680,18.334,1.438
4,NAVIFIELD,M_8,0,2,Path_NP1_2_B,0,1,5, -1, -1,5,4,1.119,0.221,1.626,-0.140,0.691,1.626,-3.590,18.334,1.455
4,NAVIFIELD,M_8,0,2,Path_NP1_2_B,0,1,5, -1, -1,5,4,1.128,0.223,1.625,-0.135,0.726,1.625,-3.499,18.334,1.472
4,NAVIFIELD,M_8,0,2,Path_NP1_2_B,0,1,5, -1, -1,5,4,1.136,0.225,1.625,-0.130,0.762,1.625,-3.407,18.334,1.488
4,NAVIFIELD,M_8,0,2,Path_NP1_2_B,0,1,5, -1, -1,5,4,1.145,0.227,1.624,-0.125,0.797,1.624,-3.314,18.334,1.505
4,NAVIFIELD,M_8,0,2,Path_NP1_2_B,0,1,5, -1, -1,5,4,1.153,0.229,1.624,-0.119,0.833,1.624,-3.221,18.334,1.523
4,NAVIFIELD,M_8,0,2,Path_NP1_2_B,0,1,5, -1, -1,5,4,1.161,0.231,1.624,-0.114,0.867,1.624,-3.127,18.334,1.541
4,NAVIFIELD,M_8,0,2,Path_NP1_2_B,0,1,5, -1, -1,5,4,1.169,0.232,1.624,-0.109,0.901,1.624,-3.033,18.334,1.560
4,NAVIFIELD,M_8,0,2,Path_NP1_2_B,0,1,5, -1, -1,5,4,1.178,0.234,1.624,-0.104,0.936,1.624,-2.937,18.334,1.579
4,NAVIFIELD,M_8,0,2,Path_NP1_2_B,0,1,5, -1, -1,5,4,1.186,0.236,1.624,-0.099,0.973,1.624,-2.841,18.334,1.597
4,NAVIFIELD,M_8,0,2,Path_NP1_2_B,0,1,5, -1, -1,5,4,1.194,0.238,1.624,-0.094,1.009,1.624,-2.746,18.334,1.615
4,NAVIFIELD,M_8,0,2,Path_NP1_2_B,0,1,5, -1, -1,5,4,1.203,0.241,1.624,-0.088,1.049,1.624,-2.648,18.334,1.631
4,NAVIFIELD,M_8,0,2,Path_NP1_2_B,0,1,5, -1, -1,5,4,1.215,0.243,1.625,-0.083,1.090,1.625,-2.552,18.334,1.645
4,NAVIFIELD,M_8,0,2,Path_NP1_2_B,0,1,5, -1, -1,5,4,1.220,0.245,1.625,-0.078,1.132,1.625,-2.455,18.334,1.659
4,NAVIFIELD,M_8,0,2,Path_NP1_2_B,0,1,5, -1, -1,5,4,1.228,0.247,1.625,-0.073,1.174,1.625,-2.360,18.334,1.671
4,NAVIFIELD,M_8,0,2,Path_NP1_2_B,0,1,5, -1, -1,5,4,1.236,0.250,1.625,-0.068,1.217,1.625,-2.269,18.334,1.682
4,NAVIFIELD,M_8,0,2,Path_NP1_2_B,0,1,5, -1, -1,5,4,1.244,0.252,1.625,-0.063,1.260,1.625,-2.178,18.334,1.691
4,NAVIFIELD,M_8,0,2,Path_NP1_2_B,0,1,5, -1, -1,5,4,1.253,0.254,1.624,-0.058,1.304,1.624,-2.089,18.334,1.699
4,NAVIFIELD,M_8,0,2,Path_NP1_2_B,0,1,5, -1, -1,5,4,1.261,0.257,1.624,-0.053,1.348,1.624,-1.999,18.334,1.708
4,NAVIFIELD,M_8,0,2,Path_NP1_2_B,0,1,5, -1, -1,5,4,1.270,0.259,1.624,-0.048,1.394,1.624,-1.910,18.334,1.714
4,NAVIFIELD,M_8,0,2,Path_NP1_2_B,0,1,5, -1, -1,5,4,1.283,0.262,1.624,-0.043,1.439,1.624,-1.821,18.334,1.722
4,NAVIFIELD,M_8,0,2,Path_NP1_2_B,0,1,5, -1, -1,5,4,1.288,0.264,1.623,-0.038,1.482,1.623,-1.733,18.334,1.730
4,NAVIFIELD,M_8,0,2,Path_NP1_2_B,0,1,5, -1, -1,5,4,1.294,0.266,1.623,-0.034,1.524,1.623,-1.648,18.334,1.737
4,NAVIFIELD,M_8,0,2,Path_NP1_2_B,0,1,5, -1, -1,5,4,1.303,0.269,1.622,-0.029,1.565,1.622,-1.571,18.334,1.741
4,NAVIFIELD,M_8,0,2,Path_NP1_2_B,0,1,5, -1, -1,5,4,1.311,0.271,1.621,-0.025,1.607,1.621,-1.491,18.334,1.747
4,NAVIFIELD,M_8,0,2,Path_NP1_2_B,0,1,5, -1, -1,5,4,1.319,0.273,1.621,-0.021,1.649,1.621,-1.420,18.334,1.748
4,NAVIFIELD,M_8,0,2,Path_NP1_2_B,0,1,5, -1, -1,5,4,1.328,0.275,1.620,-0.017,1.690,1.620,-1.347,18.334,1.749
4,NAVIFIELD,M_8,0,2,Path_NP1_2_B,0,1,5, -1, -1,5,4,1.336,0.278,1.619,-0.013,1.732,1.619,-1.276,18.334,1.750
4,NAVIFIELD,M_8,0,2,Path_NP1_2_B,0,1,5, -1, -1,5,4,1.345,0.280,1.619,-0.010,1.774,1.619,-1.207,18.334,1.749
4,NAVIFIELD,M_8,0,2,Path_NP1_2_B,0,1,5, -1, -1,5,4,1.353,0.282,1.619,-0.006,1.819,1.619,-1.139,18.334,1.746
4,NAVIFIELD,M_8,0,2,Path_NP1_2_B,0,1,5, -1, -1,5,4,1.365,0.285,1.618,-0.002,1.863,1.618,-1.068,18.334,1.744
4,NAVIFIELD,M_8,0,2,Path_NP1_2_B,0,1,5, -1, -1,5,4,1.370,0.287,1.618,0.002,1.908,1.618,-1.001,18.334,1.740
4,NAVIFIELD,M_8,0,2,Path_NP1_2_B,0,1,5, -1, -1,5,4,1.378,0.290,1.618,0.005,1.957,1.618,-0.934,18.334,1.732
4,NAVIFIELD,M_8,0,2,Path_NP1_2_B,0,1,5, -1, -1,5,4,1.386,0.293,1.618,0.009,2.006,1.618,-0.866,18.334,1.725
4,NAVIFIELD,M_8,0,2,Path_NP1_2_B,0,1,5, -1, -1,5,4,1.395,0.295,1.618,0.013,2.055,1.618,-0.799,18.334,1.717
4,NAVIFIELD,M_8,0,2,Path_NP1_2_B,0,1,5, -1, -1,5,4,1.403,0.298,1.619,0.016,2.106,1.619,-0.736,18.334,1.706
4,NAVIFIELD,M_8,0,2,Path_NP1_2_B,0,1,5, -1, -1,5,4,1.411,0.301,1.618,0.020,2.154,1.618,-0.670,18.334,1.699
4,NAVIFIELD,M_8,0,2,Path_NP1_2_B,0,1,5, -1, -1,5,4,1.420,0.303,1.618,0.023,2.203,1.618,-0.615,18.334,1.684
4,NAVIFIELD,M_8,0,2,Path_NP1_2_B,0,1,5, -1, -1,5,4,1.428,0.306,1.618,0.026,2.249,1.618,-0.559,18.334,1.674
4,NAVIFIELD,M_8,0,2,Path_NP1_2_B,0,1,5, -1, -1,5,4,1.437,0.308,1.618,0.029,2.294,1.618,-0.501,18.334,1.665
4,NAVIFIELD,M_8,0,2,Path_NP1_2_B,0,1,5, -1, -1,5,4,1.445,0.311,1.617,0.032,2.338,1.617,-0.445,18.334,1.657
4,NAVIFIELD,M_8,0,2,Path_NP1_2_B,0,1,5, -1, -1,5,4,1.454,0.313,1.617,0.035,2.381,1.617,-0.390,18.334,1.648
4,NAVIFIELD,M_8,0,2,Path_NP1_2_B,0,1,5, -1, -1,5,4,1.462,0.316,1.617,0.038,2.425,1.617,-0.330,18.334,1.641
4,NAVIFIELD,M_8,0,2,Path_NP1_2_B,0,1,5, -1, -1,5,4,1.470,0.318,1.616,0.041,2.467,1.616,-0.281,18.334,1.630
4,NAVIFIELD,M_8,0,2,Path_NP1_2_B,0,1,5, -1, -1,5,4,1.478,0.320,1.616,0.044,2.512,1.616,-0.228,18.334,1.619
4,NAVIFIELD,M_8,0,2,Path_NP1_2_B,0,1,5, -1, -1,5,4,1.487,0.323,1.616,0.046,2.556,1.616,-0.179,18.334,1.605
4,NAVIFIELD,M_8,0,2,Path_NP1_2_B,0,1,5, -1, -1,5,4,1.495,0.325,1.615,0.049,2.601,1.615,-0.131,18.334,1.592
4,NAVIFIELD,M_8,0,2,Path_NP1_2_B,0,1,5, -1, -1,5,4,1.503,0.328,1.614,0.052,2.646,1.614,-0.081,18.334,1.579
4,NAVIFIELD,M_8,0,2,Path_NP1_2_B,0,1,5, -1, -1,5,4,1.515,0.330,1.614,0.054,2.691,1.614,-0.034,18.334,1.564
4,NAVIFIELD,M_8,0,2,Path_NP1_2_B,0,1,5, -1, -1,5,4,1.520,0.332,1.613,0.057,2.735,1.613,0.014,18.334,1.552
4,NAVIFIELD,M_8,0,2,Path_NP1_2_B,0,1,5, -1, -1,5,4,1.529,0.335,1.613,0.060,2.777,1.613,0.063,18.334,1.540
4,NAVIFIELD,M_8,0,2,Path_NP1_2_B,0,1,5, -1, -1,5,4,1.537,0.337,1.612,0.062,2.820,1.612,0.111,18.334,1.528
4,NAVIFIELD,M_8,0,2,Path_NP1_2_B,0,1,5, -1, -1,5,4,1.545,0.339,1.612,0.065,2.863,1.612,0.159,18.334,1.516
4,NAVIFIELD,M_8,0,2,Path_NP1_2_B,0,1,5, -1, -1,5,4,1.554,0.342,1.611,0.067,2.908,1.611,0.205,18.334,1.501
4,NAVIFIELD,M_8,0,2,Path_NP1_2_B,0,1,5, -1, -1,5,4,1.562,0.344,1.610,0.070,2.953,1.610,0.253,18.334,1.487
4,NAVIFIELD,M_8,0,2,Path_NP1_2_B,0,1,5, -1, -1,5,4,1.570,0.347,1.610,0.072,2.998,1.610,0.297,18.334,1.471
4,NAVIFIELD,M_8,0,2,Path_NP1_2_B,0,1,5, -1, -1,5,4,1.579,0.349,1.609,0.075,3.044,1.609,0.341,18.334,1.454
4,NAVIFIELD,M_8,0,2,Path_NP1_2_B,0,1,5, -1, -1,5,4,1.587,0.352,1.608,0.077,3.091,1.608,0.385,18.334,1.436
4,NAVIFIELD,M_8,0,2,Path_NP1_2_B,0,1,5, -1, -1,5,4,1.595,0.354,1.608,0.079,3.139,1.608,0.423,18.334,1.415
4,NAVIFIELD,M_8,0,2,Path_NP1_2_B,0,1,5, -1, -1,5,4,1.604,0.357,1.607,0.081,3.185,1.607,0.463,18.334,1.396
4,NAVIFIELD,M_8,0,2,Path_NP1_2_B,0,1,5, -1, -1,5,4,1.612,0.360,1.607,0.084,3.232,1.607,0.502,18.334,1.376
4,NAVIFIELD,M_8,0,2,Path_NP1_2_B,0,1,5, -1, -1,5,4,1.620,0.362,1.606,0.086,3.278,1.606,0.538,18.334,1.355
4,NAVIFIELD,M_8,0,2,Path_NP1_2_B,0,1,5, -1, -1,5,4,1.629,0.365,1.606,0.087,3.325,1.606,0.573,18.334,1.332
4,NAVIFIELD,M_8,0,2,Path_NP1_2_B,0,1,5, -1, -1,5,4,1.637,0.367,1.605,0.089,3.374,1.605,0.609,18.334,1.308
4,NAVIFIELD,M_8,0,2,Path_NP1_2_B,0,1,5, -1, -1,5,4,1.645,0.370,1.605,0.091,3.424,1.605,0.641,18.334,1.282
4,NAVIFIELD,M_8,0,2,Path_NP1_2_B,0,1,5, -1, -1,5,4,1.654,0.373,1.605,0.093,3.473,1.605,0.674,18.334,1.257
4,NAVIFIELD,M_8,0,2,Path_NP1_2_B,0,1,5, -1, -1,5,4,1.666,0.375,1.604,0.095,3.523,1.604,0.702,18.334,1.228
4,NAVIFIELD,M_8,0,2,Path_NP1_2_B,0,1,5, -1, -1,5,4,1.671,0.378,1.604,0.096,3.573,1.604,0.729,18.334,1.200
4,NAVIFIELD,M_8,0,2,Path_NP1_2_B,0,1,5, -1, -1,5,4,1.679,0.381,1.604,0.097,3.622,1.604,0.756,18.334,1.171
4,NAVIFIELD,M_8,0,2,Path_NP1_2_B,0,1,5, -1, -1,5,4,1.687,0.384,1.604,0.099,3.672,1.604,0.783,18.334,1.143
4,NAVIFIELD,M_8,0,2,Path_NP1_2_B,0,1,5, -1, -1,5,4,1.696,0.386,1.604,0.100,3.721,1.604,0.807,18.334,1.112
4,NAVIFIELD,M_8,0,2,Path_NP1_2_B,0,1,5, -1, -1,5,4,1.704,0.389,1.604,0.101,3.771,1.604,0.828,18.334,1.081
4,NAVIFIELD,M_8,0,2,Path_NP1_2_B,0,1,5, -1, -1,5,4,1.712,0.392,1.605,0.103,3.821,1.605,0.848,18.334,1.048
4,NAVIFIELD,M_8,0,2,Path_NP1_2_B,0,1,5, -1, -1,5,4,1.721,0.394,1.605,0.104,3.870,1.605,0.868,18.334,1.016
4,NAVIFIELD,M_8,0,2,Path_NP1_2_B,0,1,5, -1, -1,5,4,1.729,0.397,1.605,0.105,3.919,1.605,0.886,18.334,0.983
4,NAVIFIELD,M_8,0,2,Path_NP1_2_B,0,1,5, -1, -1,5,4,1.737,0.400,1.605,0.105,3.969,1.605,0.901,18.334,0.948
4,NAVIFIELD,M_8,0,2,Path_NP1_2_B,0,1,5, -1, -1,5,4,1.746,0.402,1.605,0.106,4.019,1.605,0.917,18.334,0.914
4,NAVIFIELD,M_8,0,2,Path_NP1_2_B,0,1,5, -1, -1,5,4,1.754,0.405,1.605,0.107,4.068,1.605,0.933,18.334,0.879
4,NAVIFIELD,M_8,0,2,Path_NP1_2_B,0,1,5, -1, -1,5,4,1.762,0.408,1.605,0.108,4.117,1.605,0.946,18.334,0.844
4,NAVIFIELD,M_8,0,2,Path_NP1_2_B,0,1,5, -1, -1,5,4,1.771,0.410,1.605,0.108,4.164,1.605,0.955,18.334,0.808
4,NAVIFIELD,M_8,0,2,Path_NP1_2_B,0,1,5, -1, -1,5,4,1.780,0.413,1.605,0.109,4.212,1.605,0.968,18.334,0.774
4,NAVIFIELD,M_8,0,2,Path_NP1_2_B,0,1,5, -1, -1,5,4,1.788,0.416,1.605,0.110,4.258,1.605,0.979,18.334,0.740
4,NAVIFIELD,M_8,0,2,Path_NP1_2_B,0,1,5, -1, -1,5,4,1.796,0.418,1.605,0.110,4.303,1.605,0.988,18.334,0.706
4,NAVIFIELD,M_8,0,2,Path_NP1_2_B,0,1,5, -1, -1,5,4,1.804,0.420,1.605,0.111,4.348,1.605,1.000,18.334,0.673
4,NAVIFIELD,M_8,0,2,Path_NP1_2_B,0,1,5, -1, -1,5,4,1.816,0.423,1.605,0.111,4.392,1.605,1.010,18.334,0.641
4,NAVIFIELD,M_8,0,2,Path_NP1_2_B,0,1,5, -1, -1,5,4,1.821,0.425,1.605,0.112,4.437,1.605,1.021,18.334,0.608
4,NAVIFIELD,M_8,0,2,Path_NP1_2_B,0,1,5, -1, -1,5,4,1.829,0.428,1.605,0.112,4.480,1.605,1.029,18.334,0.576
4,NAVIFIELD,M_8,0,2,Path_NP1_2_B,0,1,5, -1, -1,5,4,1.838,0.430,1.605,0.113,4.522,1.605,1.037,18.334,0.544
4,NAVIFIELD,M_8,0,2,Path_NP1_2_B,0,1,5, -1, -1,5,4,1.846,0.432,1.605,0.113,4.565,1.605,1.048,18.334,0.512
4,NAVIFIELD,M_8,0,2,Path_NP1_2_B,0,1,5, -1, -1,5,4,1.855,0.434,1.605,0.114,4.606,1.605,1.055,18.334,0.481
4,NAVIFIELD,M_8,0,2,Path_NP1_2_B,0,1,5, -1, -1,5,4,1.863,0.437,1.605,0.114,4.646,1.605,1.064,18.334,0.450
4,NAVIFIELD,M_8,0,2,Path_NP1_2_B,0,1,5, -1, -1,5,4,1.871,0.439,1.606,0.115,4.688,1.606,1.075,18.334,0.420
4,NAVIFIELD,M_8,0,2,Path_NP1_2_B,0,1,5, -1, -1,5,4,1.880,0.441,1.606,0.116,4.730,1.606,1.087,18.334,0.391
4,NAVIFIELD,M_8,0,2,Path_NP1_2_B,0,1,5, -1, -1,5,4,1.888,0.444,1.607,0.116,4.773,1.607,1.102,18.334,0.362
4,NAVIFIELD,M_8,0,2,Path_NP1_2_B,0,1,5, -1, -1,5,4,1.896,0.446,1.608,0.117,4.816,1.608,1.118,18.334,0.332
4,NAVIFIELD,M_8,0,2,Path_NP1_2_B,0,1,5, -1, -1,5,4,1.905,0.448,1.609,0.118,4.860,1.609,1.134,18.334,0.304
4,NAVIFIELD,M_8,0,2,Path_NP1_2_B,0,1,5, -1, -1,5,4,1.913,0.451,1.611,0.119,4.902,1.611,1.154,18.334,0.277
4,NAVIFIELD,M_8,0,2,Path_NP1_2_B,0,1,5, -1, -1,5,4,1.921,0.453,1.611,0.120,4.943,1.611,1.171,18.334,0.250
4,NAVIFIELD,M_8,0,2,Path_NP1_2_B,0,1,5, -1, -1,5,4,1.930,0.455,1.612,0.121,4.984,1.612,1.187,18.334,0.224
4,NAVIFIELD,M_8,0,2,Path_NP1_2_B,0,1,5, -1, -1,5,4,1.938,0.457,1.613,0.122,5.022,1.613,1.205,18.334,0.201
4,NAVIFIELD,M_8,0,2,Path_NP1_2_B,0,1,5, -1, -1,5,4,1.946,0.459,1.614,0.123,5.058,1.614,1.223,18.334,0.178
4,NAVIFIELD,M_8,0,2,Path_NP1_2_B,0,1,5, -1, -1,5,4,1.955,0.461,1.614,0.124,5.095,1.614,1.241,18.334,0.157
4,NAVIFIELD,M_8,0,2,Path_NP1_2_B,0,1,5, -1, -1,5,4,1.966,0.463,1.615,0.125,5.129,1.615,1.260,18.334,0.136
4,NAVIFIELD,M_8,0,2,Path_NP1_2_B,0,1,5, -1, -1,5,4,1.971,0.465,1.615,0.126,5.159,1.615,1.282,18.334,0.122
4,NAVIFIELD,M_8,0,2,Path_NP1_2_B,0,1,5, -1, -1,5,4,1.980,0.467,1.616,0.127,5.193,1.616,1.302,18.334,0.103
4,NAVIFIELD,M_8,0,2,Path_NP1_2_B,0,1,5, -1, -1,5,4,1.988,0.468,1.616,0.129,5.225,1.616,1.329,18.334,0.090
4,NAVIFIELD,M_8,0,2,Path_NP1_2_B,0,1,5, -1, -1,5,4,1.996,0.470,1.617,0.130,5.258,1.617,1.356,18.334,0.075
4,NAVIFIELD,M_8,0,2,Path_NP1_2_B,0,1,5, -1, -1,5,4,2.005,0.472,1.618,0.132,5.290,1.618,1.385,18.334,0.063
4,NAVIFIELD,M_8,0,2,Path_NP1_2_B,0,1,5, -1, -1,5,4,2.013,0.473,1.618,0.133,5.321,1.618,1.415,18.334,0.052
4,NAVIFIELD,M_8,0,2,Path_NP1_2_B,0,1,5, -1, -1,5,4,2.021,0.475,1.619,0.135,5.350,1.619,1.447,18.334,0.043
4,NAVIFIELD,M_8,0,2,Path_NP1_2_B,0,1,5, -1, -1,5,4,2.030,0.477,1.619,0.137,5.381,1.619,1.478,18.334,0.033
4,NAVIFIELD,M_8,0,2,Path_NP1_2_B,0,1,5, -1, -1,5,4,2.038,0.478,1.620,0.139,5.410,1.620,1.509,18.334,0.024
4,NAVIFIELD,M_8,0,2,Path_NP1_2_B,0,1,5, -1, -1,5,4,2.047,0.480,1.620,0.140,5.439,1.620,1.541,18.334,0.016
4,NAVIFIELD,M_8,0,2,Path_NP1_2_B,0,1,5, -1, -1,5,4,2.055,0.481,1.620,0.142,5.465,1.620,1.575,18.334,0.010
4,NAVIFIELD,M_8,0,2,Path_NP1_2_B,0,1,5, -1, -1,5,4,2.063,0.483,1.620,0.144,5.493,1.620,1.606,18.334,0.002
4,NAVIFIELD,M_8,0,2,Path_NP1_2_B,0,1,5, -1, -1,5,4,2.072,0.484,1.620,0.146,5.518,1.620,1.641,18.334,0.002
4,NAVIFIELD,M_8,0,2,Path_NP1_2_B,0,1,5, -1, -1,5,4,2.080,0.486,1.620,0.148,5.544,1.620,1.673,18.334,0.007
4,NAVIFIELD,M_8,0,2,Path_NP1_2_B,0,1,5, -1, -1,5,4,2.088,0.487,1.620,0.149,5.566,1.620,1.708,18.334,0.008
4,NAVIFIELD,M_8,0,2,Path_NP1_2_B,0,1,5, -1, -1,5,4,2.097,0.488,1.620,0.151,5.589,1.620,1.742,18.334,0.010
4,NAVIFIELD,M_8,0,2,Path_NP1_2_B,0,1,5, -1, -1,5,4,2.105,0.489,1.620,0.153,5.610,1.620,1.777,18.334,0.011
4,NAVIFIELD,M_8,0,2,Path_NP1_2_B,0,1,5, -1, -1,5,4,2.117,0.491,1.621,0.155,5.633,1.621,1.813,18.334,0.012
4,NAVIFIELD,M_8,0,2,Path_NP1_2_B,0,1,5, -1, -1,5,4,2.122,0.492,1.621,0.157,5.656,1.621,1.850,18.334,0.013
4,NAVIFIELD,M_8,0,2,Path_NP1_2_B,0,1,5, -1, -1,5,4,2.130,0.493,1.621,0.159,5.679,1.621,1.889,18.334,0.012
4,NAVIFIELD,M_8,0,2,Path_NP1_2_B,0,1,5, -1, -1,5,4,2.138,0.494,1.621,0.162,5.701,1.621,1.930,18.334,0.010
4,NAVIFIELD,M_8,0,2,Path_NP1_2_B,0,1,5, -1, -1,5,4,2.147,0.495,1.622,0.164,5.723,1.622,1.971,18.334,0.008
4,NAVIFIELD,M_8,0,2,Path_NP1_2_B,0,1,5, -1, -1,5,4,2.155,0.497,1.622,0.166,5.745,1.622,2.011,18.334,0.006
4,NAVIFIELD,M_8,0,2,Path_NP1_2_B,0,1,5, -1, -1,5,4,2.163,0.498,1.622,0.168,5.767,1.622,2.053,18.334,0.004
4,NAVIFIELD,M_8,0,2,Path_NP1_2_B,0,1,5, -1, -1,5,4,2.172,0.499,1.622,0.171,5.787,1.622,2.095,18.334,0.001
4,NAVIFIELD,M_8,0,2,Path_NP1_2_B,0,1,5, -1, -1,5,4,2.180,0.500,1.623,0.173,5.808,1.623,2.140,18.334,0.006
4,NAVIFIELD,M_8,0,2,Path_NP1_2_B,0,1,5, -1, -1,5,4,2.189,0.501,1.623,0.175,5.831,1.623,2.182,18.334,0.008
4,NAVIFIELD,M_8,0,2,Path_NP1_2_B,0,1,5, -1, -1,5,4,2.197,0.503,1.623,0.178,5.854,1.623,2.225,18.334,0.010
4,NAVIFIELD,M_8,0,2,Path_NP1_2_B,0,1,5, -1, -1,5,4,2.206,0.504,1.623,0.180,5.879,1.623,2.269,18.334,0.011
4,NAVIFIELD,M_8,0,2,Path_NP1_2_B,0,1,5, -1, -1,5,4,2.214,0.505,1.623,0.182,5.905,1.623,2.314,18.334,0.012
4,NAVIFIELD,M_8,0,2,Path_NP1_2_B,0,1,5, -1, -1,5,4,2.222,0.507,1.623,0.185,5.931,1.623,2.360,18.334,0.013
4,NAVIFIELD,M_8,0,2,Path_NP1_2_B,0,1,5, -1, -1,5,4,2.230,0.508,1.624,0.187,5.957,1.624,2.406,18.113,0.015
4,NAVIFIELD,M_8,0,2,Path_NP1_2_B,0,1,5, -1, -1,5,4,2.239,0.510,1.624,0.190,5.983,1.624,2.453,17.554,0.017
4,NAVIFIELD,M_8,0,2,Path_NP1_2_B,0,1,5, -1, -1,5,4,2.247,0.511,1.624,0.193,6.008,1.624,2.498,16.983,0.019
4,NAVIFIELD,M_8,0,2,Path_NP1_2_B,0,1,5, -1, -1,5,4,2.256,0.513,1.623,0.196,6.034,1.623,2.545,16.432,0.020
4,NAVIFIELD,M_8,0,2,Path_NP1_2_B,0,1,5, -1, -1,5,4,2.268,0.514,1.623,0.198,6.058,1.623,2.588,15.872,0.021
4,NAVIFIELD,M_8,0,2,Path_NP1_2_B,0,1,5, -1, -1,5,4,2.273,0.516,1.623,0.202,6.087,1.623,2.636,15.340,0.021
4,NAVIFIELD,M_8,0,2,Path_NP1_2_B,0,1,5, -1, -1,5,4,2.281,0.518,1.623,0.204,6.113,1.623,2.678,14.749,0.021
4,NAVIFIELD,M_8,0,2,Path_NP1_2_B,0,1,5, -1, -1,5,4,2.289,0.520,1.623,0.207,6.139,1.623,2.720,14.223,0.020
4,NAVIFIELD,M_8,0,2,Path_NP1_2_B,0,1,5, -1, -1,5,4,2.297,0.522,1.622,0.210,6.167,1.622,2.762,13.703,0.018
4,NAVIFIELD,M_8,0,2,Path_NP1_2_B,0,1,5, -1, -1,5,4,2.306,0.524,1.622,0.213,6.192,1.622,2.802,13.172,0.017
4,NAVIFIELD,M_8,0,2,Path_NP1_2_B,0,1,5, -1, -1,5,4,2.314,0.526,1.621,0.217,6.217,1.621,2.842,12.670,0.015
4,NAVIFIELD,M_8,0,2,Path_NP1_2_B,0,1,5, -1, -1,5,4,2.322,0.528,1.621,0.220,6.242,1.621,2.881,12.167,0.014
4,NAVIFIELD,M_8,0,2,Path_NP1_2_B,0,1,5, -1, -1,5,4,2.331,0.530,1.620,0.223,6.265,1.620,2.918,11.683,0.013
4,NAVIFIELD,M_8,0,2,Path_NP1_2_B,0,1,5, -1, -1,5,4,2.339,0.532,1.620,0.226,6.288,1.620,2.954,11.217,0.013
4,NAVIFIELD,M_8,0,2,Path_NP1_2_B,0,1,5, -1, -1,5,4,2.347,0.534,1.619,0.229,6.310,1.619,2.990,10.762,0.012
4,NAVIFIELD,M_8,0,2,Path_NP1_2_B,0,1,5, -1, -1,5,4,2.355,0.536,1.618,0.233,6.331,1.618,3.023,10.320,0.011
4,NAVIFIELD,M_8,0,2,Path_NP1_2_B,0,1,5, -1, -1,5,4,2.364,0.538,1.617,0.236,6.354,1.617,3.056,9.907,0.008
4,NAVIFIELD,M_8,0,2,Path_NP1_2_B,0,1,5, -1, -1,5,4,2.372,0.540,1.617,0.239,6.375,1.617,3.088,9.475,0.006
4,NAVIFIELD,M_8,0,2,Path_NP1_2_B,0,1,5, -1, -1,5,4,2.380,0.543,1.616,0.243,6.395,1.616,3.118,9.077,0.004
4,NAVIFIELD,M_8,0,2,Path_NP1_2_B,0,1,5, -1, -1,5,4,2.389,0.545,1.615,0.246,6.415,1.615,3.148,8.692,0.003
4,NAVIFIELD,M_8,0,2,Path_NP1_2_B,0,1,5, -1, -1,5,4,2.397,0.547,1.614,0.250,6.432,1.614,3.176,8.317,0.003
4,NAVIFIELD,M_8,0,2,Path_NP1_2_B,0,1,5, -1, -1,5,4,2.406,0.549,1.613,0.253,6.449,1.613,3.204,7.965,0.003
4,NAVIFIELD,M_8,0,2,Path_NP1_2_B,0,1,5, -1, -1,5,4,2.417,0.551,1.612,0.257,6.464,1.612,3.232,7.616,0.004
4,NAVIFIELD,M_8,0,2,Path_NP1_2_B,0,1,5, -1, -1,5,4,2.423,0.553,1.611,0.260,6.479,1.611,3.258,7.280,0.004
4,NAVIFIELD,M_8,0,2,Path_NP1_2_B,0,1,5, -1, -1,5,4,2.431,0.555,1.610,0.264,6.494,1.610,3.284,6.961,0.005
4,NAVIFIELD,M_8,0,2,Path_NP1_2_B,0,1,5, -1, -1,5,4,2.439,0.557,1.609,0.267,6.508,1.609,3.307,6.650,0.005
4,NAVIFIELD,M_8,0,2,Path_NP1_2_B,0,1,5, -1, -1,5,4,2.447,0.559,1.608,0.271,6.521,1.608,3.330,6.362,0.005
4,NAVIFIELD,M_8,0,2,Path_NP1_2_B,0,1,5, -1, -1,5,4,2.456,0.561,1.607,0.275,6.534,1.607,3.351,6.081,0.005
4,NAVIFIELD,M_8,0,2,Path_NP1_2_B,0,1,5, -1, -1,5,4,2.464,0.564,1.606,0.278,6.546,1.606,3.372,5.818,0.005
4,NAVIFIELD,M_8,0,2,Path_NP1_2_B,0,1,5, -1, -1,5,4,2.472,0.566,1.605,0.282,6.558,1.605,3.391,5.564,0.005
4,NAVIFIELD,M_8,0,2,Path_NP1_2_B,0,1,5, -1, -1,5,4,2.481,0.568,1.604,0.285,6.569,1.604,3.411,5.320,0.006
4,NAVIFIELD,M_8,0,2,Path_NP1_2_B,0,1,5, -1, -1,5,4,2.489,0.570,1.603,0.289,6.579,1.603,3.429,5.086,0.006
4,NAVIFIELD,M_8,0,2,Path_NP1_2_B,0,1,5, -1, -1,5,4,2.497,0.572,1.602,0.292,6.589,1.602,3.446,4.865,0.007
4,NAVIFIELD,M_8,0,2,Path_NP1_2_B,0,1,5, -1, -1,5,4,2.506,0.574,1.602,0.296,6.598,1.602,3.463,4.654,0.008
4,NAVIFIELD,M_8,0,2,Path_NP1_2_B,0,1,5, -1, -1,5,4,2.514,0.576,1.601,0.300,6.607,1.601,3.479,4.452,0.008
4,NAVIFIELD,M_8,0,2,Path_NP1_2_B,0,1,5, -1, -1,5,4,2.523,0.578,1.601,0.303,6.616,1.601,3.495,4.257,0.009
4,NAVIFIELD,M_8,0,2,Path_NP1_2_B,0,1,5, -1, -1,5,4,2.531,0.580,1.600,0.307,6.624,1.600,3.509,4.071,0.009
4,NAVIFIELD,M_8,0,2,Path_NP1_2_B,0,1,5, -1, -1,5,4,2.539,0.582,1.600,0.310,6.632,1.600,3.523,3.894,0.009
4,NAVIFIELD,M_8,0,2,Path_NP1_2_B,0,1,5, -1, -1,5,4,2.548,0.584,1.599,0.314,6.639,1.599,3.535,3.729,0.010
4,NAVIFIELD,M_8,0,2,Path_NP1_2_B,0,1,5, -1, -1,5,4,2.556,0.586,1.599,0.317,6.646,1.599,3.548,3.574,0.010
4,NAVIFIELD,M_8,0,2,Path_NP1_2_B,0,1,5, -1, -1,5,4,2.568,0.588,1.598,0.320,6.653,1.598,3.559,3.425,0.010
4,NAVIFIELD,M_8,0,2,Path_NP1_2_B,0,1,5, -1, -1,5,4,2.573,0.590,1.598,0.324,6.659,1.598,3.570,3.288,0.010
4,NAVIFIELD,M_8,0,2,Path_NP1_2_B,0,1,5, -1, -1,5,4,2.581,0.592,1.598,0.327,6.666,1.598,3.581,3.152,0.010
4,NAVIFIELD,M_8,0,2,Path_NP1_2_B,0,1,5, -1, -1,5,4,2.589,0.594,1.598,0.331,6.671,1.598,3.591,3.021,0.010
4,NAVIFIELD,M_8,0,2,Path_NP1_2_B,0,1,5, -1, -1,5,4,2.598,0.596,1.598,0.334,6.677,1.598,3.600,2.897,0.010
4,NAVIFIELD,M_8,0,2,Path_NP1_2_B,0,1,5, -1, -1,5,4,2.606,0.598,1.597,0.337,6.683,1.597,3.610,2.780,0.010
4,NAVIFIELD,M_8,0,2,Path_NP1_2_B,0,1,5, -1, -1,5,4,2.614,0.599,1.597,0.340,6.688,1.597,3.618,2.669,0.010
4,NAVIFIELD,M_8,0,2,Path_NP1_2_B,0,1,5, -1, -1,5,4,2.623,0.601,1.597,0.343,6.692,1.597,3.625,2.569,0.010
4,NAVIFIELD,M_8,0,2,Path_NP1_2_B,0,1,5, -1, -1,5,4,2.631,0.603,1.597,0.346,6.697,1.597,3.633,2.473,0.010
4,NAVIFIELD,M_8,0,2,Path_NP1_2_B,0,1,5, -1, -1,5,4,2.640,0.605,1.596,0.349,6.701,1.596,3.640,2.380,0.010
4,NAVIFIELD,M_8,0,2,Path_NP1_2_B,0,1,5, -1, -1,5,4,2.648,0.607,1.596,0.352,6.706,1.596,3.647,2.292,0.010
4,NAVIFIELD,M_8,0,2,Path_NP1_2_B,0,1,5, -1, -1,5,4,2.656,0.609,1.596,0.355,6.710,1.596,3.653,2.208,0.009
4,NAVIFIELD,M_8,0,2,Path_NP1_2_B,0,1,5, -1, -1,5,4,2.664,0.611,1.596,0.358,6.714,1.596,3.659,2.128,0.009
4,NAVIFIELD,M_8,0,2,Path_NP1_2_B,0,1,5, -1, -1,5,4,2.673,0.612,1.596,0.361,6.717,1.596,3.665,2.051,0.009
4,NAVIFIELD,M_8,0,2,Path_NP1_2_B,0,1,5, -1, -1,5,4,2.681,0.614,1.596,0.364,6.721,1.596,3.671,1.977,0.009
4,NAVIFIELD,M_8,0,2,Path_NP1_2_B,0,1,5, -1, -1,5,4,2.689,0.616,1.596,0.366,6.724,1.596,3.676,1.909,0.009
4,NAVIFIELD,M_8,0,2,Path_NP1_2_B,0,1,5, -1, -1,5,4,2.698,0.617,1.596,0.369,6.727,1.596,3.681,1.843,0.009
4,NAVIFIELD,M_8,0,2,Path_NP1_2_B,0,1,5, -1, -1,5,4,2.706,0.619,1.596,0.372,6.730,1.596,3.686,1.781,0.009
4,NAVIFIELD,M_8,0,2,Path_NP1_2_B,0,1,5, -1, -1,5,4,2.718,0.621,1.596,0.375,6.733,1.596,3.691,1.722,0.009
4,NAVIFIELD,M_8,0,2,Path_NP1_2_B,0,1,5, -1, -1,5,4,2.723,0.622,1.596,0.377,6.736,1.596,3.695,1.667,0.009
4,NAVIFIELD,M_8,0,2,Path_NP1_2_B,0,1,5, -1, -1,5,4,2.731,0.624,1.596,0.379,6.738,1.596,3.699,1.615,0.008
4,NAVIFIELD,M_8,0,2,Path_NP1_2_B,0,1,5, -1, -1,5,4,2.739,0.626,1.595,0.382,6.741,1.595,3.702,1.565,0.008
4,NAVIFIELD,M_8,0,2,Path_NP1_2_B,0,1,5, -1, -1,5,4,2.749,0.627,1.595,0.384,6.743,1.595,3.706,1.518,0.008
4,NAVIFIELD,M_8,0,2,Path_NP1_2_B,0,1,5, -1, -1,5,4,2.756,0.629,1.595,0.387,6.745,1.595,3.710,1.473,0.008
4,NAVIFIELD,M_8,0,2,Path_NP1_2_B,0,1,5, -1, -1,5,4,2.765,0.630,1.595,0.389,6.747,1.595,3.713,1.429,0.008
4,NAVIFIELD,M_8,0,2,Path_NP1_2_B,0,1,5, -1, -1,5,4,2.773,0.631,1.594,0.391,6.749,1.594,3.716,1.388,0.008
4,NAVIFIELD,M_8,0,2,Path_NP1_2_B,0,1,5, -1, -1,5,4,2.782,0.633,1.594,0.394,6.751,1.594,3.719,1.349,0.008
4,NAVIFIELD,M_8,0,2,Path_NP1_2_B,0,1,5, -1, -1,5,4,2.789,0.634,1.593,0.396,6.753,1.593,3.722,1.312,0.008
4,NAVIFIELD,M_8,0,2,Path_NP1_2_B,0,1,5, -1, -1,5,4,2.798,0.635,1.593,0.398,6.754,1.593,3.725,1.276,0.008
4,NAVIFIELD,M_8,0,2,Path_NP1_2_B,0,1,5, -1, -1,5,4,2.806,0.636,1.592,0.400,6.756,1.592,3.728,1.243,0.008
4,NAVIFIELD,M_8,0,2,Path_NP1_2_B,0,1,5, -1, -1,5,4,2.815,0.638,1.592,0.402,6.757,1.592,3.730,1.211,0.008
4,NAVIFIELD,M_8,0,2,Path_NP1_2_B,0,1,5, -1, -1,5,4,2.823,0.639,1.591,0.405,6.758,1.591,3.733,1.180,0.008
4,NAVIFIELD,M_8,0,2,Path_NP1_2_B,0,1,5, -1, -1,5,4,2.831,0.640,1.591,0.407,6.760,1.591,3.735,1.151,0.009
4,NAVIFIELD,M_8,0,2,Path_NP1_2_B,0,1,5, -1, -1,5,4,2.840,0.641,1.590,0.409,6.761,1.590,3.737,1.123,0.009
4,NAVIFIELD,M_8,0,2,Path_NP1_2_B,0,1,5, -1, -1,5,4,2.848,0.642,1.589,0.411,6.762,1.589,3.740,1.097,0.009
4,NAVIFIELD,M_8,0,2,Path_NP1_2_B,0,1,5, -1, -1,5,4,2.857,0.643,1.588,0.413,6.763,1.588,3.742,1.071,0.009
4,NAVIFIELD,M_8,0,2,Path_NP1_2_B,0,1,5, -1, -1,5,4,2.869,0.643,1.587,0.415,6.764,1.587,3.744,1.049,0.010
4,NAVIFIELD,M_8,0,2,Path_NP1_2_B,0,1,5, -1, -1,5,4,2.875,0.644,1.586,0.416,6.764,1.586,3.746,1.027,0.010
4,NAVIFIELD,M_8,0,2,Path_NP1_2_B,0,1,5, -1, -1,5,4,2.882,0.645,1.586,0.418,6.765,1.586,3.748,1.005,0.011
4,NAVIFIELD,M_8,0,2,Path_NP1_2_B,0,1,5, -1, -1,5,4,2.891,0.645,1.585,0.420,6.766,1.585,3.750,1.000,0.011
